0,ZZ Top,Beer Drinkers And Hell Raisers,0,['A5' 'A6' 'B5' 'B6' 'D' 'E' 'Em7']
1,Neil Young,Harvest Moon,0,"['A' 'A5' 'Am' 'B' 'Bb' 'Bb5' 'Bm' 'Bm7' 'C' 'C(add9)' 'C5' 'Cmaj9'
 'Csus2' 'D' 'D#' 'Dm' 'Dm7' 'Dsus4' 'E' 'Em' 'Em7' 'F' 'F#m' 'G' 'Gm']"
2,Neil Young,Unplugged,0,"['A' 'Am' 'Bb' 'Bm' 'Bm7' 'C' 'D' 'Dm' 'Dm7' 'Dmaj7' 'Dsus4' 'E' 'Em'
 'Em7' 'Esus4' 'F' 'Fm7' 'G' 'Gm']"
3,XTC,Ball And Chain,0,['Bb' 'C' 'C7sus4' 'D' 'F' 'G5']
4,X,Los Angeles,0,['A' 'Bb' 'C' 'D' 'E' 'G']
5,X,The Hungry Wolf,0,['B' 'C' 'D' 'E' 'G']
6,Ween,Roses Are Free,0,['A' 'A#' 'F' 'G' 'G#']
7,Robbie Williams,Angels,0,['A' 'B' 'Bm' 'C#m' 'D' 'E' 'F#m' 'G#m']
8,The Wallflowers,The Difference,0,['A' 'B' 'C#' 'E' 'F#' 'G#']
9,Westlife,I Lay My Love On You,0,['A' 'Am' 'B' 'Bm' 'C' 'D' 'Dm' 'E' 'Em' 'F' 'F#m' 'G']
10,U2,With Or Without You,0,['A' 'Bm' 'D' 'G']
11,Shania Twain,Youre Still The One,1,['A' 'D' 'Em' 'G']
12,Third Eye Blind,Jumper,0,['Am' 'C' 'D11' 'Fmaj7' 'G']
13,Train,Drops Of Jupiter,0,['Bb' 'C' 'D' 'Dm' 'F' 'G']
14,Sixpence None the Richer,Kiss Me,1,['A' 'Asus4' 'Bm' 'D' 'D/C#' 'D7' 'Dmaj7' 'Em' 'G']
15,Adam Sandler,Grow Old With You,0,['A' 'A7' 'Bm' 'C#m' 'D' 'E']
16,The Rolling Stones,Wild Horses,0,['Am' 'Bm' 'C' 'D' 'F' 'G']
17,The Rolling Stones,You Cant Always Get What You Want,0,['A' 'C' 'D' 'G' 'Gadd9']
18,Radiohead,Fake Plastic Trees,0,['A' 'Bm' 'D' 'F#m']
19,Radiohead,Creep,0,['B' 'C' 'Cm' 'G']
20,Tom Petty,Free Fallin,0,['A' 'Asus4' 'D' 'E']
21,Joan Osborne,One Of Us,2,['C' 'Cadd9' 'D' 'Em' 'G']
22,Oasis,Champagne Supernova,0,['A' 'Asus2' 'Asus2/F#' 'D' 'D/F#' 'E' 'F' 'G']
23,Oasis,Dont Look Back In Anger,0,['Am' 'C' 'E' 'E/G#' 'F' 'Fm' 'G']
24,Oasis,Whatever,0,['A' 'A2' 'A7sus4' 'B5' 'Cadd9' 'Dsus4' 'Dsus4/F#' 'E' 'Em7' 'F#' 'G' 'G2']
25,Oasis,Wonderwall,0,['A' 'B' 'D' 'Esus4' 'F#m']
26,The Mamas & The Papas,California Dreamin,0,['Am' 'C' 'E7' 'E7sus4' 'F' 'Fmaj7' 'G']
27,Metallica,Nothing Else Matters,0,['A' 'B' 'C' 'Cadd9' 'D' 'Em7' 'G']
28,John Lennon,Imagine,0,['C' 'Cadd9' 'Cmaj7' 'Dm7' 'E' 'E7' 'F' 'G' 'G7']
29,John Lennon,Jealous Guy,0,['Bb' 'C' 'D' 'D6' 'D7' 'Dsus4' 'Em' 'Em6' 'Em7' 'G']
30,John Lennon,Working Class Hero,0,['Am' 'D' 'G']
31,Ronan Keating,When You Say Nothing At All,0,['A' 'B' 'C' 'D' 'Dsus4' 'E' 'G']
32,Chris Isaak,Wicked Game,0,['A' 'Bm' 'E']
33,Natalie Imbruglia,Torn,0,['Am' 'Bb' 'C' 'Dm' 'F' 'Gm']
34,Hootie & the Blowfish,Let Her Cry,0,['C' 'D' 'Em' 'G']
35,Sheryl Crow,Sweet Child O Mine,0,['A' 'Am' 'Bm7' 'C' 'C9' 'D' 'Em' 'G']
36,Green Day,Good Riddance Time Of Your Life,0,['C' 'Cadd9' 'D' 'Em' 'G']
37,Green Day,Basket Case,0,['Bm' 'C' 'D' 'E(m)' 'Em' 'F' 'G']
38,Five for Fighting,Superman,0,['Am' 'C' 'D' 'F' 'G']
39,Fleetwood Mac,Go Your Own Way,0,['Bb' 'C' 'Dm' 'F']
40,Extreme,More Than Words,0,['Am7' 'Bm' 'Bm7' 'C' 'Cadd9' 'Cm' 'D' 'D/F#' 'D7' 'Em' 'Em7' 'G' 'G7']
41,Eagle-Eye Cherry,Save Tonight,1,['C' 'F' 'G']
42,Eagles,Peaceful Easy Feeling,2,['A7' 'D' 'Em' 'G']
43,Eagles,Lyin Eyes,0,['A7' 'Am' 'Bm' 'C' 'D' 'D7' 'Em' 'G' 'G7' 'Gmaj' 'Gmaj7']
44,Eagles,Take It Easy,0,['Am' 'C' 'D' 'Em' 'G' 'G7']
45,Bob Dylan,Blowin In The Wind,0,['C' 'D' 'G']
46,Bob Dylan,Blowin In The Wind,0,['C' 'D' 'G']
47,Bob Dylan,Hurricane,0,['Am' 'C' 'Dm' 'Em' 'F' 'G']
48,Bob Dylan,It Aint Me Babe,0,['Am' 'Bm' 'C' 'D' 'G']
49,Bob Dylan,The Times They Are A-Changin,0,['Am' 'C' 'D' 'D6' 'D7' 'Em' 'G']
50,Celine Dion,My Heart Will Go On,0,['A' 'Ab' 'B' 'C#m' 'Db' 'E' 'Eb' 'F' 'Fm']
51,Johnny Cash,I Walk The Line,0,['A' 'D' 'E7']
52,Creedence Clearwater Revival,Bad Moon Rising,0,['A' 'D' 'G']
53,Counting Crows,Mr Jones,0,['Am' 'C' 'Dm' 'F' 'Fmaj7' 'G']
54,The Beatles,All My Loving,4,['A' 'Abaug' 'Am' 'B' 'Bb' 'C' 'C#m' 'Caug' 'D' 'Dm' 'E' 'F' 'F#m' 'G']
55,The Beatles,Help,0,['A' 'A6' 'Bm' 'C#m' 'D' 'E' 'F#m' 'G' 'G/F#']
56,The Beatles,Hey Jude,0,['Bb' 'C' 'C6' 'C7' 'C7sus4' 'Csus4' 'Eb' 'F' 'F6' 'F7' 'Fmaj7' 'Gm' 'Gm7']
57,The Beatles,If I Fell,0,['A' 'A7' 'Bbm' 'D' 'D9' 'Db' 'Ebm' 'Em' 'Em7' 'F#m' 'G' 'Gm']
58,The Beatles,Oh Darling,0,['A' 'A7' 'B7' 'Bb7' 'Bm7' 'D' 'E' 'E7' 'F#m' 'F7']
59,The Beatles,Youve Got To Hide Your Love Away,0,['C' 'D' 'Dsus2' 'Dsus4' 'Fadd9' 'G']
60,The Beatles,Come Together,0,['A' 'A7' 'Bm' 'Dm' 'G' 'G7']
61,The Beatles,Let It Be,0,['Am' 'Bb' 'C' 'Dm' 'F' 'F6' 'Fmaj7' 'G']
62,The Beatles,While My Guitar Gently Weeps,0,['A' 'Am' 'Bm' 'C' 'C#m' 'D' 'E' 'F#m' 'F#m7b5' 'Fmaj7' 'G']
63,The Beatles,Yesterday,0,['A7' 'Bb' 'C' 'C7' 'Dm' 'Em7' 'F' 'G7' 'Gm']
64,Bon Jovi,Always,0,['A' 'B' 'C#' 'C#m' 'D' 'E' 'G']
65,Backstreet Boys,I Want It That Way,2,['A' 'Am' 'B' 'Bsus4' 'C' 'D' 'Dsus2' 'Dsus4' 'E' 'Em' 'Em7' 'F#m' 'G']
66,Backstreet Boys,I Want It That Way,0,['A' 'B' 'C#' 'D' 'E' 'F#' 'F#m' 'G#m']
67,Bryan Adams,Everything I Do I Do It For You,1,['Bb' 'C' 'D' 'Dm' 'Eb' 'F' 'Fm' 'G']
68,Bryan Adams,Summer Of 69,0,['A' 'Asus' 'Asus4' 'Bb' 'Bm' 'C' 'D' 'Dsus' 'Dsus4' 'F' 'G']
69,The Animals,House Of The Rising Sun,0,['Am' 'C' 'D' 'Dm' 'E' 'E7' 'F' 'F7']
70,AC/DC,Back In Black,0,['A' 'A/C#' 'B' 'C' 'D' 'E' 'G']
71,Bryan Adams,Heaven,0,['Am' 'Bb' 'C' 'Dm' 'F' 'G' 'Gsus4']
72,Rufus Wainwright,Hallelujah,0,['Am' 'C' 'Em' 'F' 'G']
73,Boston,More Than A Feeling,0,"['A' 'A/C#' 'A2' 'Am' 'Asus4' 'B' 'Bm' 'C' 'Cadd9' 'D' 'D/F#' 'Dsus4' 'E'
 'Eb' 'Em' 'Em7' 'G']"
74,Creed,One Last Breath,0,['A' 'Bm' 'D' 'E' 'F#/Bb' 'G']
75,Edwin McCain,Ill Be,0,['Asus4' 'B' 'E' 'F#' 'F#m' 'G#m']
76,The Proclaimers,500 Miles,0,['A' 'B' 'E']
77,Semisonic,Closing Time,0,['Am' 'Bb' 'C' 'D' 'G']
78,Jeff Buckley,Hallelujah,6,['B7' 'C' 'D' 'Em' 'G']
79,Tenacious D,Fuck Her Gently,0,['A' 'Bb7' 'Bm' 'C' 'D' 'Em' 'F#m' 'G']
80,Oasis,Wonderwall,2,['A7sus4' 'C' 'D' 'Em' 'G']
81,Bob Marley,Redemption Song,0,['Am' 'C' 'D' 'Em' 'Em7' 'G']
82,Elton John,Your Song,1,['A' 'A/C#' 'Bm' 'Bm/Ab' 'D' 'Em' 'Em7' 'F#' 'F#m' 'G']
83,Kid Rock,Picture,0,['C' 'D' 'Em' 'G']
84,John Denver,Leaving On A Jet Plane,0,['Am' 'C' 'D' 'Em' 'G']
85,Avril Lavigne,Complicated,0,['Bb' 'C' 'Dm' 'F' 'Gm']
86,Lionel Richie,Hello,0,['A' 'Am' 'Bb' 'C' 'Dm' 'E' 'F' 'G']
87,Nickelback,How You Remind Me,0,"['Bb5' 'Bb6sus2' 'Bbsus2' 'Bbsus4/Eb' 'C5' 'Csus2' 'Eb' 'Eb5' 'Ebsus2'
 'F5' 'Fsus2']"
88,Goo Goo Dolls,Iris,0,['A' 'B' 'B2' 'C' 'D' 'E' 'G']
89,Neutral Milk Hotel,In The Aeroplane Over The Sea,0,['C' 'D' 'Em' 'G']
90,The Calling,Wherever You Will Go,2,['Am' 'C' 'Em' 'F' 'G']
91,R.E.M.,Everybody Hurts,0,['A' 'Am' 'Bm' 'C' 'D' 'Em' 'F#' 'G']
92,Mr. Big,To Be With You,0,['Asus2' 'B' 'C#m' 'Cadd9' 'D' 'E' 'E/F#' 'E/G#' 'Em' 'G']
93,Pearl Jam,Last Kiss,0,['C' 'D' 'Em' 'G']
94,Oasis,Stop Crying Your Heart Out,0,['Asus2' 'Asus4' 'Bm' 'Bmadd11' 'D' 'E' 'Em7' 'Esus' 'G']
95,John Denver,Annies Song,0,['A' 'A7' 'Bm' 'D' 'D/C#' 'Dsus4' 'Em' 'F#m' 'G']
96,Oasis,Wonderwall,2,['A7sus4' 'C' 'Cadd9' 'D' 'Dsus' 'Dsus4' 'Em' 'Em7' 'G' 'G5' 'G5/F#']
97,Survivor,Eye Of The Tiger,0,['Ab' 'Bb' 'Cm' 'Cm7' 'Eb' 'Fm' 'G']
98,The Cure,Just Like Heaven,0,['A' 'Bm' 'D' 'E' 'F#m' 'G']
99,America,Sister Golden Hair,0,['Am' 'C' 'Csus4' 'Dm' 'Em' 'F' 'G']
100,Christina Aguilera,Beautiful,0,['Bb' 'Bm' 'C' 'D' 'Em' 'G']
101,Bing Crosby,White Christmas,0,['Am' 'C' 'Cm' 'D' 'D7' 'Em' 'G' 'G4' 'G7']
102,Queen,Bohemian Rhapsody,0,"['A' 'A7' 'Ab' 'Ab/Bb' 'Ab/Eb' 'Ab7' 'Abdim' 'Abm' 'Abmaj7' 'Adim' 'Am7b5'
 'B' 'B7' 'Baug' 'Bb' 'Bb7' 'Bbm/Db' 'Bdim7' 'Bm' 'C#dim' 'C7' 'Cm' 'Cm7'
 'D' 'D7' 'Db' 'Db/Ab' 'Db/Bb' 'Db7' 'Ddim' 'Dm7b5' 'E7' 'Eaug' 'Eb'
 'Eb/Bb' 'Eb7' 'Ebdim' 'F' 'F#7' 'F#dim' 'F7' 'Fm' 'Fm7' 'Gaug' 'Gb' 'Gb7'
 'Gm' 'Gm7']"
103,Enrique Iglesias,Hero,0,['C2' 'D' 'D/F#' 'Dsus4' 'Em' 'G' 'Gsus4']
104,John Lennon,Stand By Me,2,['C' 'D' 'Em' 'G']
105,Coldplay,The Scientist,3,['A' 'Asus2' 'Bm7' 'D' 'D7' 'Dsus2' 'Dsus2/C#' 'G']
106,Pink Floyd,Hey You,0,['Am' 'Bm' 'C' 'D' 'D7' 'Dm' 'Em' 'Emadd9' 'G']
107,Pink Floyd,Comfortably Numb,0,['A' 'Asus' 'Bm' 'Bm9' 'C' 'C9' 'Cadd9' 'D' 'Em' 'G' 'G/F#']
108,Pink Floyd,Wish You Were Here,0,['A7sus4' 'Am' 'C' 'D/F#' 'Em7' 'G']
109,Pink Floyd,Mother,0,['C' 'Cadd9' 'D' 'F' 'G']
110,Stephen Speaks,Passenger Seat,0,['A' 'B' 'C' 'D' 'Dm7' 'Dsus' 'E' 'Em' 'G']
111,Red Hot Chili Peppers,Under The Bridge,0,"['A' 'Am7' 'B' 'C' 'C#m' 'D' 'E' 'E7' 'Emaj7' 'F#' 'F#m' 'Fmaj7' 'G#m'
 'G6']"
112,Bob Marley,No Woman No Cry,0,['Am' 'C' 'F' 'G']
113,Oasis,Half The World Away,0,['Am' 'C' 'D' 'E' 'Fm' 'Fmaj' 'G' 'G7']
114,Eagles,Hotel California,2,['Am' 'C' 'D' 'Dm' 'E' 'E7' 'F' 'G']
115,U2,One,0,['Am' 'C' 'Dsus2' 'Fmaj7' 'G']
116,Nirvana,Where Did You Sleep Last Night,0,['A' 'B' 'E' 'G']
117,Coldplay,Green Eyes,0,['A' 'Bm' 'Bm7' 'D' 'E' 'G']
118,Foo Fighters,Times Like These,0,['Am' 'Am7' 'C' 'D' 'Em' 'Em7']
119,Kansas,Dust In The Wind,0,['Aadd9' 'Am' 'Asus' 'C' 'Cadd9' 'D/F#' 'Dm7' 'G']
120,Alamid,Your Love,0,['A' 'Am' 'Am7' 'B' 'C' 'D' 'D/F#' 'E' 'Em' 'Fm7' 'G' 'Gb']
121,Fugees,Killing Me Softly,0,['A' 'Am' 'Am7' 'B7' 'C' 'D' 'D7' 'E' 'Em' 'Esus4' 'G']
122,Coldplay,The Scientist,0,['A' 'Am' 'C' 'D' 'F']
123,Coldplay,Green Eyes,2,['Am' 'C' 'D' 'D/F#' 'Dsus4' 'F' 'G']
124,Radiohead,Creep,0,['C' 'E' 'F' 'Fm']
125,Oasis,Champagne Supernova,0,"['A' 'A7' 'A7sus4' 'Asus2' 'Asus2/F#' 'D' 'Dmaj7/F#' 'E' 'Em7' 'F' 'F#m'
 'G']"
126,The White Stripes,Seven Nation Army,0,['A' 'B' 'C' 'D' 'E' 'G']
127,Matt Redman,Blessed Be Your Name,2,['C' 'D' 'Em' 'G']
128,Nirvana,Heart Shaped Box,0,['A' 'A5' 'Am' 'D' 'D(7)' 'D5' 'F' 'F5']
129,Jimmy Bondoc,Let Me Be The One,0,['A' 'A/C#' 'B' 'Bm' 'C' 'C#' 'C#m' 'D' 'E' 'F' 'F#m']
130,Goo Goo Dolls,Iris,0,['A' 'Bm' 'Bsus2' 'D' 'Em' 'F#m' 'G']
131,Janis Joplin,Me And Bobby Mcgee,0,['A' 'A7' 'C' 'D' 'D7' 'E7' 'G' 'G7']
132,Tom Petty,I Wont Back Down,0,['C' 'D' 'Em' 'G']
133,Queen,We Are The Champions,0,"['Ab/Bb' 'Ab/Eb' 'Ab6' 'Am' 'Bb' 'Bb7' 'Bbm6' 'Bbm6/Db' 'Bbm7b5' 'C7' 'Cm'
 'Cm7add4' 'Dm' 'Eb' 'Edim7' 'F' 'F#dim7' 'F7' 'Fm' 'Gdim7' 'Gm7']"
134,The Mamas & The Papas,California Dreamin,0,['Am' 'C' 'E' 'F' 'G']
135,Creedence Clearwater Revival,Have You Ever Seen The Rain,0,['Am' 'C' 'F' 'G']
136,Neil Young,Heart Of Gold,0,['Am' 'Bm' 'C' 'D' 'Em' 'Em7' 'G']
137,Neil Young,Old Man,0,['Am7' 'C' 'D' 'D/F#' 'D9' 'Dsus4' 'Em7' 'F' 'G']
138,James Taylor,Youve Got A Friend,2,"['A7' 'Am7' 'B7' 'Bm7' 'C' 'Cmaj7' 'D' 'D13' 'D7sus4' 'Em' 'Em7' 'F'
 'F#m7' 'F7' 'G' 'Gb' 'Gmaj7' 'Gsus4']"
139,U2,I Still Havent Found What Im Looking For,1,['C' 'Fsus2' 'G']
140,John Denver,Take Me Home Country Roads,2,['C' 'D' 'D7' 'D7/F#' 'Em' 'F' 'G']
141,Blind Melon,No Rain,0,['A' 'D' 'E' 'E5' 'E7' 'G']
142,Eraserheads,Magasin,0,['Am' 'C' 'E' 'E/Ab' 'F' 'Fm']
143,Eraserheads,Pare Ko,0,['Am' 'C' 'D' 'Dsus' 'Em' 'G']
144,Aerosmith,I Dont Want To Miss A Thing,0,['A' 'Bm' 'C' 'D' 'Dm' 'Em' 'F' 'G']
145,America,A Horse With No Name,0,['Dmaj9' 'Em' 'Em9']
146,Louis Armstrong,What A Wonderful World,0,"['A7' 'Am' 'Bb' 'Bbmaj7' 'C' 'C#' 'C7' 'C7b9' 'D7' 'D9' 'Dm' 'Eb9' 'F'
 'F#dim7' 'F6' 'Gm7']"
147,The Beatles,Let It Be,0,['Am' 'Am7' 'C' 'D' 'E' 'F' 'G']
148,The Band,The Weight,0,['A' 'A/G#' 'C#m' 'D' 'Dsus4' 'E' 'F#m7']
149,Garth Brooks,Friends In Low Places,2,['Am' 'Cm' 'D' 'D7' 'G' 'G#dim7']
150,Garth Brooks,If Tomorrow Never Comes,0,['Am7' 'Bm7' 'C' 'D' 'Em' 'Em7' 'G']
151,Johnny Cash,Ring Of Fire,0,['C' 'D' 'G']
152,Creedence Clearwater Revival,Proud Mary,0,['A' 'Bm' 'C' 'D' 'F' 'F6' 'G']
153,Leonard Cohen,Hallelujah,5,['B7' 'C' 'D' 'Em' 'G']
154,Neil Diamond,Sweet Caroline,0,['A' 'A6' 'Bm' 'C#' 'C#m' 'D' 'E' 'F#']
155,Bob Dylan,Knockin On Heavens Door,0,['Am' 'C' 'D' 'G']
156,Daniel Thomas,Amazing Grace,0,['A7' 'D' 'G']
157,Dixie Chicks,Landslide,7,['Am7' 'C' 'D7' 'Em' 'G']
158,Judy Garland,Over The Rainbow,0,"['B7' 'Bm7' 'C' 'C6' 'Cmaj7' 'Csus' 'Dm' 'Em' 'F' 'Fm' 'Fmaj7' 'Fmaj7(b5)'
 'G' 'G6' 'G7']"
159,George Harrison,Here Comes The Sun,0,['A7' 'A7sus' 'C' 'D' 'Dadd9' 'E7' 'F' 'G' 'G6' 'Gmaj7']
160,Michael Jackson,Beat It,0,['C' 'D' 'Em']
161,Michael Jackson,Heal The World,0,"['A' 'A#m' 'B' 'Bm7' 'C#' 'C#m' 'C#m7' 'D' 'D#m' 'D#m7' 'E' 'F#' 'F#m'
 'Fm' 'G' 'G#' 'G#m']"
162,Ben E. King,Stand By Me,0,['A' 'D' 'E' 'F#m']
163,Bob Marley,Is This Love,0,['A' 'Bm' 'C#' 'C#m' 'D' 'Dmaj7' 'E' 'F#m']
164,Ralph McTell,Streets Of London,2,['Am' 'C' 'D7' 'Em' 'F' 'G' 'G7']
165,Van Morrison,Brown Eyed Girl,0,['C' 'D' 'D7' 'Em' 'G']
166,Nirvana,About A Girl,0,['A' 'A5' 'C' 'C#' 'E' 'Em' 'F#' 'G' 'G#']
167,Nirvana,Come As You Are,0,['Am' 'C' 'D' 'Em']
168,Oasis,Stand By Me,0,['A' 'Am' 'B' 'C' 'D' 'Dsus4' 'Em' 'F' 'G' 'G/F#' 'G7']
169,Elvis Presley,Suspicious Minds,0,['B7' 'B7sus4' 'Bm' 'C' 'D' 'D7' 'Em' 'G']
170,Parokya ni Edgar,Harana,0,['A' 'Am' 'Bm' 'C' 'D' 'Dsus' 'E' 'Esus' 'G' 'G7']
171,Iggy Pop,The Passenger,0,['Am' 'C' 'E' 'F' 'G']
172,Queen,Dont Stop Me Now,0,['Am' 'Am7' 'Bb' 'C' 'C7' 'D7' 'Dm' 'Dm7' 'Eb' 'F' 'F7' 'Gm' 'Gm7']
173,The Righteous Brothers,Unchained Melody,0,['Am' 'C' 'C7' 'Eb' 'Em' 'F' 'Fm' 'G']
174,Rivermaya,Kisapmata,0,['A' 'D' 'Em' 'G']
175,Rivermaya,Hinahanap-Hanap Kita,0,['A' 'Am' 'Bb' 'D' 'Dsus4' 'Em' 'G']
176,Simon & Garfunkel,Mrs Robinson,0,['A' 'A7' 'Am' 'C' 'D' 'E' 'E7' 'Em' 'G']
177,Simon & Garfunkel,The Boxer,0,['Am' 'C' 'Dm' 'Dm7' 'Em' 'F' 'G' 'G7']
178,Soul Asylum,Runaway Train,0,['Am' 'C' 'Em' 'F' 'G']
179,The Smiths,There Is A Light That Never Goes Out,4,['Am' 'C' 'Dm' 'F' 'G']
180,Cat Stevens,Father And Son,0,['Am' 'Am7' 'Bm' 'C' 'D' 'D/F#' 'Em' 'G']
181,Toto,Africa,0,['A' 'B' 'C#m' 'C#m7' 'D' 'D#m' 'E' 'Eb7' 'F#m' 'G#m']
182,Bonnie Tyler,Total Eclipse Of The Heart,0,['A' 'Abmaj7' 'Am' 'Am7' 'B' 'Bb' 'Bm7' 'C' 'D' 'Eb' 'Em' 'G' 'G6']
183,3 Doors Down,Here Without You,1,['A' 'A#m' 'C#' 'F#' 'G#']
184,Pixies,Where Is My Mind,0,['A' 'Am' 'B' 'C#m' 'E' 'G#']
185,Johnny Cash,Hurt,0,['Am' 'C' 'D' 'F' 'G']
186,John Mayer,Daughters,0,['Asus4' 'Asus7' 'B' 'Bm7' 'D' 'D#' 'D/F#' 'Dmaj7' 'Dsus2' 'Em7' 'F']
187,Limp Bizkit,Behind Blue Eyes,0,['A' 'Bm' 'C' 'D' 'E' 'Em' 'G']
188,OutKast,Hey Ya,0,['C' 'D' 'E' 'G']
189,Linkin Park,Numb,2,['B' 'Bm7' 'Bsus4' 'C' 'D' 'D/F#' 'Em' 'G']
190,Elvis Presley,Love Me Tender,0,['A7' 'B7' 'Bm' 'D' 'D7' 'E7' 'F#7' 'G' 'Gm']
191,Led Zeppelin,Stairway To Heaven,0,['Am' 'Am7' 'C' 'C9' 'D' 'F' 'G']
192,Evanescence,My Immortal,0,['A' 'C#m' 'D' 'E' 'F#m']
193,Crowded House,Dont Dream Its Over,3,['Am' 'C' 'C9' 'Csus2' 'E' 'F' 'G']
194,Lou Reed,Perfect Day,0,['A' 'Am' 'C' 'C#m' 'D' 'D/C#' 'Dm' 'E' 'F' 'F#m' 'G']
195,Gary Jules,Mad World,1,['A' 'D' 'Em' 'G']
196,Leonard Cohen,Hallelujah,0,['Am' 'C' 'E' 'F' 'G']
197,Seether,Broken,0,['C' 'Em' 'G']
198,Parokya ni Edgar,Your Song,2,['A' 'D' 'E' 'F#m']
199,The Cure,Friday Im In Love,0,['A' 'Bm' 'C' 'D' 'G']
200,Led Zeppelin,Stairway To Heaven,0,['Am' 'Am7' 'C' 'D' 'D/F#' 'Dsus4' 'Fmaj7' 'G']
201,Scorpions,Wind Of Change,0,['A' 'Am' 'B' 'C' 'D' 'Dm' 'E' 'F' 'G']
202,Radiohead,Karma Police,0,['Am' 'Bm' 'C' 'D' 'D/F#' 'E' 'Em' 'F' 'F#7' 'G' 'G/F#']
203,Limp Bizkit,Behind Blue Eyes,0,['Asus2' 'Bm' 'Cadd9' 'D' 'Dsus2' 'E' 'Em' 'Esus4' 'G' 'G6']
204,Hoobastank,The Reason,0,['Asus' 'Bsus' 'C#m9' 'Dsus2' 'E' 'Esus']
205,David Bowie,Space Oddity,0,['A' 'Am' 'Bb' 'C' 'D' 'D/F#' 'E' 'E7' 'Em' 'F' 'Fm' 'Fmaj7' 'G']
206,Snow Patrol,Run,0,['Am' 'C' 'F' 'G']
207,Howie Day,Collide,4,['Bm' 'C' 'F#' 'G']
208,Randy Newman,Youve Got A Friend In Me,0,['A' 'A7' 'Am' 'B' 'B7' 'C' 'D' 'D7' 'Dm' 'E7' 'Em' 'F' 'G']
209,Evanescence,My Immortal,2,['Am' 'Bm' 'C' 'D' 'Em' 'G']
210,3 Doors Down,Here Without You,1,['Am' 'C' 'F' 'G']
211,Evanescence,Bring Me To Life,0,['Am' 'C' 'D' 'Em' 'Gm']
212,Incubus,Drive,0,['A' 'A7' 'Asus2' 'C' 'Cmaj7' 'D' 'Em7']
213,Alicia Keys,If I Aint Got You,0,['Am7' 'Bm7' 'Cmaj7' 'D7' 'E' 'Em' 'G' 'Gmaj7']
214,Keane,Everybodys Changing,0,['A' 'C' 'Cmaj7' 'Dm' 'Em7' 'F' 'G']
215,Coldplay,Yellow,4,['C' 'D' 'Dm' 'Em' 'G']
216,R.E.M.,Losing My Religion,0,['Am' 'C' 'Dm' 'Em' 'F' 'G']
217,Avril Lavigne,My Happy Ending,0,['A' 'Bm' 'D' 'E' 'Em' 'G']
218,Keane,Somewhere Only We Know,2,['Am' 'Bm' 'C' 'D' 'Em' 'G']
219,Radiohead,Exit Music For A Film,2,"['A' 'Am' 'Asus2' 'Asus4' 'B' 'Bb' 'D7/F#' 'Dadd9/F#' 'E' 'Esus4' 'F'
 'Gmadd11']"
220,Jason Mraz,You And I Both,0,['Am' 'C' 'D' 'Em' 'G' 'Gmaj7']
221,Tamia,Officially Missing You,0,"['Am7' 'B7' 'Bm' 'Bm7' 'C#dim' 'D7sus' 'Dm' 'Dm7' 'Em' 'Em7' 'F#m' 'G'
 'G7']"
222,Blink-182,All The Small Things,0,['C' 'F' 'G']
223,Eraserheads,With A Smile,0,['Am' 'Bb' 'Bm' 'D' 'E' 'Eb' 'G']
224,Michael Jackson,Billie Jean,0,['Bm' 'C#(7)' 'D' 'F#m']
225,Lynyrd Skynyrd,Free Bird,0,['C' 'D' 'Em' 'F' 'G']
226,Kelly Clarkson,Breakaway,0,['Am' 'C' 'D' 'F' 'G']
227,Counting Crows,Accidentally In Love,0,['A' 'Am' 'C' 'D' 'Em' 'G']
228,Pink Floyd,Time,0,['A' 'Amaj7' 'Bm7' 'C#7' 'C#m7' 'Dmaj7' 'E' 'F#m']
229,Moonstar88,Torete,0,['Bm' 'D' 'F#m' 'G']
230,Poison,Every Rose Has Its Thorn,0,['C' 'Cadd9' 'D' 'Em' 'G']
231,3 Doors Down,Here Without You,0,['A' 'Bm' 'D' 'G']
232,Sting,Fields Of Gold,0,['A' 'Bm7' 'Bsus2' 'D' 'Dsus4' 'G']
233,Matt Redman,The Heart Of Worship,0,['A' 'A/C#' 'A2/C#' 'A7sus4' 'D' 'D/F#' 'Em' 'G']
234,Iaxe,Akoy Sa Iyo Ikay Akin,0,['A' 'A7' 'Bm7' 'C#m' 'C#m7' 'D' 'Dm' 'E' 'F#m' 'F#m7' 'Fm' 'Fm7']
235,Simple Plan,Welcome To My Life,0,['Am' 'C' 'Dm' 'F' 'G']
236,Linkin Park,In The End,0,['C' 'D' 'Em' 'G']
237,The Beatles,I Saw Her Standing There,0,['A' 'A7' 'Am' 'B7' 'E' 'E7' 'E9']
238,Buffalo Springfield,For What Its Worth,0,['A' 'C' 'D' 'E' 'G']
239,Green Day,Wake Me Up When September Ends,0,['Bm' 'C' 'Cm' 'D' 'D/F#' 'Em' 'G' 'G/F#']
240,AC/DC,Highway To Hell,0,['A' 'D' 'D/F#' 'E' 'G']
241,Radiohead,Fake Plastic Trees,0,['A' 'A/F#' 'Amaj7' 'Asus4' 'Bm11' 'Dsus2' 'E6']
242,Sum 41,Pieces,0,['A' 'Bb' 'C' 'Dm' 'F']
243,Rascal Flatts,Bless The Broken Road,0,['Am' 'C' 'F' 'G']
244,Damien Rice,Cannonball,6,['C' 'Cadd9' 'D' 'Em7' 'G' 'G/F#']
245,David Bowie,Starman,0,['A' 'Ab' 'Am' 'Bb' 'Bbm' 'C' 'C7' 'D7' 'Dm' 'F' 'Fmaj7' 'G' 'Gm']
246,Green Day,American Idiot,0,['A' 'D' 'E' 'G']
247,Green Day,Boulevard Of Broken Dreams,1,['A' 'A/C#' 'B' 'C' 'D' 'D#5' 'Em' 'G']
248,Damien Rice,The Blowers Daughter,0,"['A' 'A#m' 'Aadd9' 'B' 'Badd11' 'Bsus2' 'C#' 'C#m' 'D#m' 'E' 'F#' 'F#m'
 'G#m']"
249,Shinedown,Simple Man,0,['Am' 'C' 'G']
250,Bill Withers,Lean On Me,0,['C' 'Em' 'F' 'G']
251,Bright Eyes,First Day Of My Life,4,['Am' 'C' 'D7' 'Dsus2' 'E' 'E7' 'F' 'Fsus2' 'G' 'G7']
252,Kelly Clarkson,Because Of You,1,"['A/C#' 'Am7' 'B7' 'Bm' 'Bm7' 'C' 'C#7' 'C2' 'Cmaj7' 'D' 'D5' 'Dadd2'
 'Dadd4' 'Dmaj7' 'Dsus' 'Dsus2' 'E' 'E5' 'E7' 'Em' 'Esus' 'F#m' 'G' 'G5']"
253,Green Day,Wake Me Up When September Ends,0,['Bm' 'C' 'Cadd9' 'Cm' 'D' 'D/F#' 'Em' 'Em7' 'G' 'G/F#']
254,Chris Tomlin,Indescribable,4,['Am' 'C2' 'Dsus' 'Dsus/F#' 'Em' 'F' 'G' 'G2']
255,Simon & Garfunkel,The Sound Of Silence,6,['Am' 'C' 'F' 'G']
256,Third Eye Blind,Jumper,0,['Am' 'C' 'G']
257,The Rolling Stones,Angie,0,"['A5' 'Am' 'Am7' 'Am9' 'C' 'Cadd4' 'Csus4' 'Dm' 'Dm7' 'Dm9' 'Dsus2' 'E5'
 'E7' 'F' 'Fsus4' 'G' 'Gsus4']"
258,McFly,All About You,1,['Am' 'C' 'C7' 'D7' 'E' 'F' 'Fm' 'G']
259,Lifehouse,You And Me,0,['Am' 'Bm' 'C' 'Cm' 'Cm/Eb' 'D' 'Em' 'G' 'G/F#']
260,Chris Tomlin,How Great Is Our God,2,['C' 'C2' 'D' 'D/F#' 'Em7' 'G']
261,Bob Marley,Three Little Birds,0,['A' 'D' 'E']
262,Tom Petty,Free Fallin,3,['A' 'D' 'G']
263,Ray Charles,Hit The Road Jack,0,['Am' 'E7' 'F' 'G']
264,Sound of Music,Edelweiss,0,['A7' 'Am7' 'C' 'D' 'D7' 'Em' 'G']
265,The Beatles,Blackbird,0,"['A7' 'Am7' 'Bb6' 'C' 'C#dim' 'Cm' 'D' 'D#dim' 'D7' 'D7sus4' 'Dm' 'Em'
 'Em/Eb' 'F' 'G']"
266,Wham!,Last Christmas,0,['A' 'Bm' 'D' 'Em']
267,Misc Cartoons,Aladdin - A Whole New World,0,"['A' 'A/C#' 'A7' 'Bb' 'Bbdim7' 'Bm' 'Bm7' 'C' 'C7' 'D' 'D/F#' 'D7'
 'Dbdim7' 'Dm' 'Dm7' 'Dsus4' 'E7' 'Eb' 'Em' 'F' 'F#7' 'F/Bb' 'F7' 'G' 'G7'
 'Gm']"
268,Queen,Crazy Little Thing Called Love,0,['A' 'Bb' 'C' 'C#' 'D' 'Dsus4' 'E' 'F' 'G' 'G#']
269,Mark Lowry,Mary Did You Know,0,['Am' 'Am7' 'B7' 'B7sus' 'C' 'D' 'D/F#' 'D2' 'Em' 'G']
270,Bob Dylan,Dont Think Twice Its All Right,4,['Am' 'C' 'C7' 'D7' 'F' 'G']
271,James Blunt,Youre Beautiful,8,['Cadd9' 'D/F#' 'Em7' 'G' 'G/F#']
272,Coldplay,The Scientist,3,['A' 'A7' 'Bb' 'Bm7' 'C' 'C7' 'D' 'Dm7' 'Dmaj7' 'Dsus2' 'F' 'Fsus2' 'G']
273,Dolly Parton,Jolene,4,['Am' 'C' 'Em' 'G']
274,Radiohead,No Surprises,3,['A' 'Asus4' 'D' 'Dm' 'Em' 'Gm']
275,Celine Dion,Beauty And The Beast,3,['Bm' 'C' 'D' 'Em' 'F' 'G']
276,Simon & Garfunkel,Bridge Over Troubled Water,3,"['A7' 'A7sus' 'Am' 'Bb' 'C' 'C7' 'D' 'D7' 'D9' 'E' 'E7' 'F' 'F#dim' 'Fm'
 'Fmaj7' 'G' 'G7' 'G9']"
277,The Shins,New Slang,0,['Am' 'C' 'F' 'G']
278,Don McLean,American Pie,0,['A7' 'Am' 'Am7' 'C' 'D' 'D/F#' 'D7' 'Em' 'Em7' 'G']
279,Michael Bublé,Home,0,['A' 'Asus4' 'Bm7' 'C' 'Cmaj7' 'D' 'D/F#' 'Dm9' 'Dsus' 'Em' 'F' 'G' 'G7']
280,Deep Blue Something,Breakfast At Tiffanys,0,['A' 'A/C#' 'D']
281,Bon Jovi,Bed Of Roses,0,['Am' 'Bb' 'C' 'Dm' 'F']
282,Jeff Buckley,Hallelujah,1,['Am' 'C' 'E7' 'F' 'G']
283,The Beatles,Across The Universe,0,['A' 'A7' 'A7sus4' 'Bm' 'D' 'Em7' 'F#m' 'G' 'Gm']
284,Daniel Powter,Bad Day,1,['A' 'Bb' 'Bm' 'D' 'E' 'Em' 'Em7' 'F' 'G']
285,Coldplay,Fix You,3,['Am7' 'C' 'Em' 'F' 'G' 'Gsus4']
286,Coldplay,Fix You,3,['Am' 'C' 'Cmaj7' 'F' 'Fmaj7' 'G']
287,The Killers,Mr Brightside,1,['Am' 'C' 'F' 'G']
288,Red Hot Chili Peppers,Californication,0,['A' 'Am' 'Bm' 'C' 'D' 'Dm' 'E' 'F' 'F#m' 'Fmaj7' 'G']
289,Tracy Chapman,Fast Car,0,['C' 'Cmaj7' 'D' 'Dadd11' 'Em' 'Em7' 'G']
290,Death Cab for Cutie,I Will Follow You Into The Dark,0,['A' 'Bb' 'Bbm' 'C' 'Dm' 'F']
291,Parokya ni Edgar,Gitara,0,['Am7' 'C' 'D' 'D/F#' 'E' 'Em' 'G']
292,Casting Crowns,Who Am I,0,['Am' 'C' 'F' 'G']
293,Queen,Somebody To Love,1,['A7' 'C' 'C7' 'D' 'D/F#' 'D7' 'Em' 'F' 'Fm' 'G' 'G7']
294,Arctic Monkeys,Mardy Bum,0,['A' 'A5' 'B' 'Bm' 'D' 'E' 'Em' 'F#' 'F#5' 'F#m' 'G' 'G(2)' 'G5']
295,Cyndi Lauper,Time After Time,0,['Am7' 'C' 'Em' 'F' 'Fadd9' 'G']
296,Stevie Wonder,Isnt She Lovely,0,['Amaj7' 'C#m7' 'E' 'F#13' 'F#9' 'G#7#5']
297,Michael Jackson,Billie Jean,2,['Am7' 'B7' 'C' 'Em']
298,The Fray,How To Save A Life,3,['C' 'D' 'D/F#' 'Em' 'G']
299,The Beatles,A Day In The Life,0,['A' 'Asus2' 'B7' 'B7sus4' 'Bm' 'C' 'D' 'Dsus2' 'E' 'Em' 'Em7' 'F' 'G']
300,Fall Out Boy,Sugar Were Going Down,0,['A' 'Bm' 'D' 'F#m' 'G']
301,Dire Straits,Sultans Of Swing,0,['A' 'A7' 'Bb' 'C' 'Dm' 'F']
302,John Lennon,Happy Xmas War Is Over,0,['A' 'A7' 'Bm' 'D' 'E' 'Em' 'G']
303,Misc Christmas,Jingle Bells,0,['A7' 'Am' 'C' 'D' 'D7' 'G']
304,Journey,Dont Stop Believin,0,['A' 'B' 'C#m' 'E' 'G#m']
305,Prince,Purple Rain,0,['Bb' 'Bbsus2' 'Eb' 'F' 'Gm' 'Gm7' 'Gm7add11']
306,Bon Jovi,Wanted Dead Or Alive,0,['C' 'D' 'F' 'G']
307,Misc Christmas,Joy To The World,0,['C' 'D' 'G']
308,Johnny Cash,I Walk The Line,1,['A' 'A7' 'B7' 'D' 'E' 'E7' 'G']
309,The Fray,Over My Head,1,['Am' 'C' 'D' 'Em' 'Em7' 'G' 'G/F#']
310,Britney Spears,Hit Me Baby One More Time,2,['Am' 'C' 'Dm' 'E' 'F' 'G']
311,Nina Simone,Feeling Good,0,['Asus4' 'Bb' 'C' 'D' 'Db' 'Gm' 'Gm/Bb' 'Gm/Eb']
312,Chuck Berry,Johnny B Goode,0,['Bb' 'Eb' 'F']
313,Sixpence None the Richer,Kiss Me,3,['Am' 'C' 'C7' 'Cmaj7' 'Dm' 'F' 'G' 'Gsus']
314,Phil Collins,Youll Be In My Heart,1,['A' 'B' 'B7' 'Bb' 'Bm' 'C' 'C#m' 'D' 'E' 'Em' 'F' 'F#m' 'G' 'G#m' 'Gm']
315,Jack Johnson,Upside Down,0,['A' 'Abm' 'B' 'E' 'F#m']
316,Jeff Buckley,Hallelujah,6,['B7' 'C' 'D' 'D/F#' 'D7' 'Em' 'G']
317,The Kooks,Ooh La,1,['Am' 'Dm' 'F' 'G']
318,Blink-182,I Miss You,0,['Am' 'C' 'F' 'Fm' 'G']
319,Katy Perry,Thinking Of You,0,['A' 'B' 'C#m' 'E']
320,Elton John,Your Song,1,"['A' 'A/C#' 'Asus4' 'Bm' 'Bm/G#' 'D' 'D/F#' 'Dsus4' 'Em' 'F#' 'F#m' 'G'
 'G6' 'Gmaj7']"
321,Rascal Flatts,What Hurts The Most,0,['C' 'Cadd9' 'D' 'D#m' 'Dsus4' 'Em' 'Em7' 'G']
322,Frank Sinatra,Fly Me To The Moon,0,['A7' 'Am' 'C' 'Cmaj7' 'Dm' 'Dm7' 'E' 'E7' 'Em' 'F' 'Fm' 'G' 'G7']
323,The Beatles,Something,0,"['A' 'Am' 'Am(maj7)' 'Am7' 'C' 'C#m/G#' 'C7' 'Cmaj7' 'D' 'D7' 'D9' 'Eb'
 'F' 'F#m7' 'G']"
324,Death Cab for Cutie,I Will Follow You Into The Dark,5,['Am' 'C' 'E' 'F' 'Fm' 'G']
325,Queen,Love Of My Life,0,['A' 'A7' 'B' 'Bm' 'Cdim' 'D' 'E' 'Em' 'F#m' 'G']
326,The Kooks,She Moves In Her Own Way,0,['Am' 'Bm' 'C' 'D' 'Em' 'G']
327,4 Non Blondes,Whats Up,2,['Am' 'C' 'G']
328,Red Hot Chili Peppers,Dani California,0,['Am' 'Bm' 'C' 'D' 'Dm' 'E7' 'F' 'F#' 'G']
329,Hillsongs,From The Inside Out,0,['Am' 'C' 'Dm' 'F' 'G']
330,Josh Groban,You Raise Me Up,0,['A' 'Asus4' 'B' 'Bb' 'Bm' 'Bsus4' 'C' 'C#m' 'D' 'Dm' 'E' 'F' 'F#m' 'G']
331,Snow Patrol,Chasing Cars,0,['A' 'D' 'Dmaj7' 'E/G#']
332,Hinder,Lips Of An Angel,0,['Asus4' 'Bm' 'C' 'C5' 'D' 'F' 'G']
333,Hillsongs,At The Cross,0,['A' 'A2' 'B' 'Bsus' 'C#m' 'C#m7' 'E' 'E/G#']
334,Hillsongs,The Stand,0,['A' 'A/C#' 'Bm' 'Bm7' 'D' 'E' 'F#m']
335,Bob Dylan,Like A Rolling Stone,0,['C' 'Dm7' 'Em' 'F' 'G']
336,Enrique Iglesias,Hero,0,['A' 'B' 'C' 'D' 'E' 'Em' 'G']
337,Jason Mraz,Im Yours,4,['A7' 'Bm' 'C' 'D' 'Em' 'G']
338,Stealers Wheel,Stuck In The Middle With You,0,['A' 'A7sus4' 'Am7' 'C' 'D' 'G' 'G7']
339,The Kooks,Naive,4,['C' 'D' 'D/F#' 'Em' 'Esus2' 'G']
340,Gnarls Barkley,Crazy,3,['A' 'Am' 'C' 'Cmaj7' 'E' 'Esus4' 'F']
341,John Mayer,Your Body Is A Wonderland,3,['Asus' 'Asus4' 'Bm9' 'D' 'Em' 'F#m' 'G' 'Gadd9']
342,James Morrison,You Give Me Something,0,['A#' 'Am' 'Am7' 'C' 'D/F#' 'Dm7' 'Em' 'Em7' 'F' 'Fm' 'G' 'G#' 'G7']
343,Paolo Nutini,Last Request,3,['A' 'Am' 'Bm' 'D' 'Em' 'F#m' 'G']
344,Kevin Devine,You Are My Sunshine,0,['A' 'D' 'E']
345,a-ha,Take On Me,0,['A' 'A/C#' 'Bm' 'C#m' 'D' 'E' 'E/G#' 'F#m' 'G']
346,Jason Mraz,Im Yours,2,['A' 'Bm' 'C#m' 'D' 'D7' 'E' 'F#m']
347,Paolo Nutini,New Shoes,1,['A' 'Cadd9' 'Dsus2' 'E' 'G']
348,The Red Jumpsuit Apparatus,Your Guardian Angel,0,['Bb' 'C' 'Dm' 'F']
349,Boys Like Girls,Thunder,0,['D']
350,Callalily,Magbalik,0,['A' 'B' 'C#5' 'C#m' 'E' 'Eb' 'Eb5' 'F#' 'F#m']
351,The Red Jumpsuit Apparatus,Your Guardian Angel,0,['Bb' 'C' 'Dm' 'F']
352,Tim Hughes,Happy Day,0,['Am' 'C' 'Em' 'F' 'G']
353,Yeng Constantino,Hawak Kamay,0,['Am' 'Bm' 'C' 'C9' 'D' 'Em' 'G']
354,Bob Marley,Redemption Song,0,['Am' 'Am6' 'Am7' 'C' 'D' 'Em' 'Em7' 'G']
355,The Killers,When You Were Young,0,['A#m' 'B' 'C#m' 'D#m' 'E' 'F#' 'G#m']
356,The Kooks,Seaside,1,['Bb' 'C' 'Dm' 'F' 'G']
357,Smash Mouth,All Star,0,['Am' 'C' 'D' 'F' 'G']
358,Cyndi Lauper,True Colors,0,['Am' 'C' 'Dm' 'Dm7' 'Em' 'F' 'F9' 'G']
359,Taylor Swift,Teardrops On My Guitar,3,['C' 'D' 'Em' 'G']
360,Tenacious D,Tribute,0,['A5' 'Am' 'C' 'D' 'E' 'F' 'G']
361,Christina Aguilera,Hurt,0,['A/C#' 'Am' 'B' 'B/D#' 'C' 'D' 'E' 'Em']
362,Johnny Cash,Hurt,0,['Am' 'C' 'D' 'F' 'G']
363,Taylor Swift,Our Song,0,['A' 'Asus4' 'D' 'Em' 'Em7' 'G']
364,Taylor Swift,Id Lie,1,['A' 'D' 'D/F#' 'Em' 'G']
365,Damien Rice,9 Crimes,0,['Am' 'C' 'F' 'G']
366,Sugarland,Stay,2,['A' 'Bm' 'D' 'Em' 'F#m' 'G']
367,Avril Lavigne,Keep Holding On,0,['Am' 'C' 'D' 'Em' 'G']
368,Stone Sour,Through Glass,0,['C' 'D7' 'Em']
369,Parokya ni Edgar,Halaga,0,['A' 'Bm' 'D' 'G']
370,Misc Christmas,Feliz Navidad,0,['C' 'D' 'Em' 'G']
371,My Chemical Romance,I Dont Love You,0,['A' 'A5' 'Am' 'C' 'F' 'F5' 'G' 'G/G#' 'G5']
372,Chris Cornell,Billie Jean,0,['Am' 'B7' 'C' 'Em']
373,My Chemical Romance,Welcome To The Black Parade,0,['A' 'Bm' 'C' 'D' 'Dsus' 'E' 'Em' 'F#m' 'G']
374,Colbie Caillat,Bubbly,0,['A' 'Amaj7' 'D']
375,No Doubt,Dont Speak,1,"['A' 'Am' 'B' 'B5' 'Bb' 'Bm' 'C' 'C5' 'D' 'D5' 'E5' 'Em' 'Em7' 'F' 'F#m'
 'G#5' 'G5']"
376,Incubus,Love Hurts,0,['A' 'Am' 'Bm' 'C' 'D' 'Em']
377,The Calling,Wherever You Will Go,2,['Am' 'C' 'Em' 'F' 'G']
378,The Smiths,Please Please Please Let Me Get What I Want,2,['Am' 'C' 'C7' 'Em' 'Fmaj7' 'G' 'Gsus4']
379,The Beatles,All My Loving,2,['A' 'A7' 'Bbaug' 'Bm' 'C' 'D' 'Em' 'G']
380,Elliott Smith,Between The Bars,0,['Am' 'Am7' 'C' 'E' 'F' 'F9' 'Fm' 'G' 'G6']
381,The Beatles,I Want To Hold Your Hand,0,['Am' 'B7' 'C' 'D' 'Dm7' 'Em' 'G']
382,Amy Winehouse,Back To Black,0,['A' 'A7' 'Bb' 'Bbmaj7' 'Dm' 'F' 'Gm']
383,Goo Goo Dolls,Iris,0,['Asus4' 'Bm7' 'Bm9' 'D' 'Dsus2' 'E' 'G5']
384,Jason Mraz,Im Yours,0,['Am' 'C' 'D7/F#' 'F' 'G']
385,Bill Withers,Aint No Sunshine,0,['Am' 'Dm' 'Em' 'G']
386,Avril Lavigne,When Youre Gone,0,['Am' 'Bm' 'C' 'D' 'Em' 'Em6' 'G']
387,Avril Lavigne,When Youre Gone,0,['A/C#' 'Am' 'B7' 'Bm' 'C' 'D' 'D/F#' 'Em' 'G']
388,Hugh Grant,Way Back Into Love,3,['Am' 'C' 'D' 'Em' 'G']
389,Side A,Forevermore,0,['A' 'Am' 'B' 'B/D#' 'B7' 'C' 'C#m' 'D' 'E' 'E7' 'Em' 'F#' 'F#m' 'G' 'G#m']
390,Colbie Caillat,Bubbly,0,['A' 'Amaj7' 'C#m' 'D' 'D/F#' 'E']
391,The Beatles,Twist And Shout,0,['A' 'A7' 'B' 'Bb' 'C' 'C#' 'D' 'D9' 'G']
392,Chris Tomlin,Shout To The Lord,0,['Am' 'C' 'D' 'Em' 'G']
393,Amy Winehouse,Valerie,0,['Amaj7' 'B' 'Emaj7' 'F#m7' 'G#m']
394,Hillsongs,Lead Me To The Cross,0,['A' 'Bm' 'D' 'Em' 'G']
395,Keane,Somewhere Only We Know,0,['A' 'Amaj7' 'Bm' 'C#m' 'D' 'E' 'Esus' 'F#m']
396,Coldplay,Clocks,1,['Am' 'C' 'D' 'Em' 'Fmaj7' 'G']
397,John Legend,Ordinary People,0,['Bbm' 'Bbmaj7' 'Db/Eb' 'Ebmaj7' 'Fmaj7']
398,Red Hot Chili Peppers,Snow Hey Oh,4,['Am' 'C' 'D' 'Em' 'G']
399,Jason Mraz,Im Yours,0,['B' 'E' 'F#' 'G#m']
400,Arctic Monkeys,Fluorescent Adolescent,0,['A' 'B' 'C#m' 'E' 'F#m' 'G#m']
401,Sara Bareilles,Love Song,0,['A(maj)' 'Am' 'Bb' 'C' 'Dm' 'F' 'Gm']
402,Chris Tomlin,Amazing Grace My Chains Are Gone,0,['Am7' 'Cadd9' 'D' 'G']
403,Michael Bublé,Everything,0,['A' 'D' 'D7' 'E' 'G']
404,Tom Petty,Free Fallin,3,['Asus' 'D' 'Dsus']
405,Colbie Caillat,Realize,6,['Cadd9' 'D/F#' 'Dsus4' 'Dsus4/F#' 'Em7' 'F#' 'G']
406,Michael Jackson,Man In The Mirror,0,['A/C#' 'Am7' 'C' 'C#' 'D' 'D#' 'D#m' 'D/F#' 'Dm' 'Em' 'Fm' 'G' 'G#']
407,Milow,You Dont Know,4,['Am' 'C' 'E' 'E7' 'F' 'G']
408,Elton John,Can You Feel The Love Tonight,3,['A/C#' 'Am' 'Am7' 'C' 'D' 'D/F#' 'Em' 'F' 'G']
409,Maroon 5,Wont Go Home Without You,3,['Am' 'Bb' 'C' 'Dm' 'F' 'G' 'G/F#']
410,Sublime,Santeria,0,['A' 'B' 'C#m' 'E' 'G#']
411,Alanis Morissette,Ironic,0,['C' 'Cmaj7' 'D' 'Em' 'F' 'G']
412,Bee Gees,How Deep Is Your Love,1,['Amaj7' 'Asus4' 'B7' 'D' 'Dmaj7' 'Em' 'Em6' 'F#m' 'G' 'Gm' 'Gm6' 'Gmaj7']
413,Rihanna,Umbrella,0,['Am' 'C' 'F' 'G']
414,Taylor Swift,Fearless,3,['A' 'Cadd9' 'D' 'Em' 'Em7' 'G']
415,Paramore,Misery Business,1,['C' 'C2' 'D' 'Em' 'G']
416,The Beatles,In My Life,0,['A' 'B' 'D' 'Dm' 'E' 'F#m' 'G']
417,Rihanna,Umbrella,1,['Am' 'Bb' 'C' 'E' 'F' 'G']
418,Glen Hansard,Falling Slowly,0,['Am' 'C' 'F' 'G']
419,Sum 41,With Me,0,['A' 'B' 'C' 'C#m' 'E']
420,Hillsongs,Mighty To Save,0,['C' 'D' 'Em' 'G']
421,Sara Bareilles,Gravity,0,['Am' 'C' 'F' 'G']
422,All Time Low,Remembering Sunday,2,['A7' 'Cadd9' 'D' 'Em' 'Em7' 'G']
423,Eddie Vedder,Hard Sun,1,['Am' 'C' 'D' 'G']
424,OneRepublic,Apologize,3,['Am' 'C' 'F' 'G']
425,Rey Valera,Kahit Maputi Na Ang Buhok Ko,0,['Am' 'Bm' 'Bm7' 'C' 'D' 'G']
426,Matt Nathanson,Come On Get Higher,2,['Csus' 'Csus2' 'D' 'Em7' 'G']
427,Secondhand Serenade,Your Call,0,['C' 'D' 'Em' 'G']
428,Iron & Wine,Flightless Bird American Mouth,0,['Am' 'C' 'F' 'G']
429,Eddie Vedder,Society,0,['A' 'Bm' 'D' 'G']
430,Joe Anderson,Hey Jude,1,['A' 'A7' 'D' 'D7' 'Em7' 'G' 'G/F#']
431,Amy Macdonald,This Is The Life,2,['Bm' 'D' 'F#' 'G']
432,Avenged Sevenfold,Dear God,0,['Am' 'B' 'Bb' 'C' 'Dm' 'F' 'Gm']
433,Beyoncé,Listen,2,['A' 'Am' 'C' 'C#m7' 'D' 'D/F#' 'E' 'E/G#' 'E7' 'F' 'F#' 'F#m' 'G' 'G#']
434,The Rolling Stones,Paint It Black,0,['A' 'B' 'D' 'Em' 'G']
435,Jack Johnson,Better Together,0,['Am' 'C' 'Dm' 'Em' 'F' 'G']
436,The Red Jumpsuit Apparatus,Your Guardian Angel,0,['C' 'D' 'Dadd11' 'Em' 'G']
437,Chris Brown,With You,0,['A' 'Bm' 'D' 'F#m7' 'G']
438,Weezer,Say It Aint So,3,['Am' 'C' 'E' 'Eb' 'F' 'G' 'G/F#']
439,Britney Spears,Toxic,3,['Am' 'C' 'D' 'E' 'F' 'G']
440,Hillsong United,Hosanna,0,['Am' 'Am7' 'Bm7' 'C' 'D' 'Em' 'G']
441,AC/DC,You Shook Me All Night Long,0,['C' 'D' 'D7' 'G']
442,Eric Clapton,Tears In Heaven,0,"['A' 'Am' 'Bm' 'C' 'C#' 'D' 'E' 'E/G#' 'E7' 'E7sus' 'E7sus4' 'Em' 'F#'
 'F#m' 'F#m7' 'G']"
443,Taylor Swift,Sparks Fly,5,['Am' 'C' 'F' 'G']
444,Leonard Cohen,Hallelujah,0,['Am' 'C' 'E' 'F' 'G']
445,MGMT,Kids,0,['A' 'Bm' 'D' 'E' 'E/G#' 'F#' 'F#m' 'G#m']
446,Secondhand Serenade,Fall For You,0,['Am' 'C' 'F' 'G']
447,The Moldy Peaches,Anyone Else But You,0,['Cmaj7' 'G']
448,Justin Timberlake,Cry Me A River,2,['Am' 'D' 'Em' 'G']
449,City and Colour,The Girl,3,['C' 'D' 'Em' 'G' 'G/F#']
450,Bon Iver,Flume,0,['Am' 'C' 'E' 'Em' 'F' 'G']
451,Bob Marley,One Love People Get Ready,1,['A' 'Bb' 'D' 'E' 'Eb' 'F']
452,John Mayer,Gravity,0,['Am' 'C' 'D7' 'Ebmaj7' 'G' 'Gm/Bb']
453,Jack Johnson,Angel,3,['A' 'Am' 'C' 'Dm' 'F' 'G']
454,Bon Iver,Skinny Love,0,['A' 'Am' 'C' 'D']
455,Nirvana,The Man Who Sold The World,0,['A' 'Bb' 'C' 'Dm' 'F']
456,Adele,Chasing Pavements,0,"['Ab' 'Ab7' 'Ab9' 'Bb7' 'Cm' 'Cm7' 'Eb' 'F7sus4' 'Fm/Ab' 'Fm7' 'G7' 'Gm'
 'Gm/Bb' 'Gm7' 'Gm7/Bb']"
457,Bob Dylan,The Times They Are A-Changin,0,['Am' 'C' 'Cadd9' 'D' 'Em' 'G']
458,Blink-182,I Miss You,1,['C2' 'D' 'Em' 'G']
459,No Doubt,Dont Speak,0,['A' 'B' 'Bb' 'Bbm' 'C' 'Cm' 'Eb' 'F#' 'Fm' 'G#' 'Gm']
460,Bon Iver,Re Stacks,2,['Am7' 'C' 'Cadd9' 'Dsus4' 'Em7' 'G']
461,Rihanna,Take A Bow,4,['Am7' 'Bbsus2' 'C' 'Dm7' 'F' 'Fadd9' 'G']
462,John Mayer,Slow Dancing In A Burning Room,4,['Am' 'C' 'F' 'G']
463,Amy Macdonald,This Is The Life,4,['Am' 'C' 'Em' 'F']
464,The Beatles,Let It Be,5,['C' 'D' 'Em' 'G']
465,Hillsong United,Mighty To Save,2,['C' 'D' 'Em' 'Em7' 'G']
466,Eric Clapton,Wonderful Tonight,0,['C' 'D' 'D/F#' 'Em' 'G']
467,James Blunt,Youre Beautiful,3,['Am' 'C' 'Dm' 'F' 'G']
468,Jimi Hendrix,Hey Joe,0,['A' 'C' 'D' 'E' 'Em7' 'G']
469,OneRepublic,Stop And Stare,0,['Am' 'C' 'Em' 'F' 'G']
470,David Cook,Always Be My Baby,0,['A' 'Am' 'B' 'C' 'C9' 'D' 'Em' 'G']
471,Coldplay,Viva La Vida,1,['C' 'D' 'Em' 'G']
472,Kid Rock,All Summer Long,0,['C' 'D' 'G']
473,Regina Spektor,The Call,3,['C' 'D' 'D7' 'Em' 'G']
474,Jason Mraz,Lucky,0,['Am' 'Am7' 'C' 'Dm7' 'E7' 'Em' 'G' 'G#dim' 'Gsus4']
475,Bob Dylan,Knockin On Heavens Door,5,['A' 'D' 'Em' 'Em7' 'G']
476,Katy Perry,I Kissed A Girl,0,['Am' 'C' 'Dm' 'F']
477,Jason Mraz,Lucky,0,['Am' 'C' 'Dm' 'Em' 'G']
478,Eagles,Hotel California,2,['Am' 'C' 'D' 'Dm' 'E' 'E7' 'F' 'G']
479,Chris Tomlin,God Of This City,0,['Am7' 'C' 'F' 'G']
480,All Time Low,Remembering Sunday,2,['A7' 'Cadd9' 'D' 'Em' 'G']
481,Hillsongs,Desert Song,2,['Am' 'C' 'Csus4' 'F' 'G']
482,Red Hot Chili Peppers,Under The Bridge,0,['A' 'Am' 'B' 'C' 'C#m' 'Emaj7' 'F' 'F#m' 'G' 'G#m']
483,John Mayer,Slow Dancing In A Burning Room,0,['A' 'Aadd9' 'B' 'Badd11' 'C#m7' 'D' 'E' 'F#m11' 'G']
484,Jason Mraz,Im Yours,4,['C' 'D' 'E' 'Em' 'G']
485,The Script,The Man Who Cant Be Moved,3,['Am' 'C' 'D' 'D/F#' 'Em' 'G']
486,Red Hot Chili Peppers,Scar Tissue,0,['C' 'Dm' 'F']
487,The Beatles,Blackbird,0,"['A' 'A7' 'Am' 'C' 'C#dim' 'Cm' 'D' 'D#dim' 'D7' 'Dbdim' 'Dm' 'Eb' 'Em'
 'F' 'G' 'Gm/Bb']"
488,Kings of Leon,Sex On Fire,0,['A' 'C#m' 'E']
489,Slipknot,Snuff,0,['A5' 'Am' 'B' 'B5' 'C#' 'C5' 'E' 'E5' 'Em' 'F' 'F#' 'F5' 'G' 'G#']
490,Taylor Swift,Love Story,2,['A' 'Am' 'Bm' 'C' 'D' 'F' 'G']
491,John Mayer,Free Fallin,1,['A' 'B' 'E']
492,The Script,Breakeven,3,['Am7' 'C' 'D' 'Em' 'G']
493,Kings of Leon,Use Somebody,0,['Am' 'C' 'F']
494,Milow,Ayo Technology,7,['C' 'Dsus2' 'Em']
495,Amy Winehouse,Valerie,0,['Abmaj7' 'Bb7' 'Ebmaj7' 'Fm7' 'Gm7']
496,Taylor Swift,White Horse,2,['Am' 'C' 'F' 'G']
497,Paramore,Decode,0,['Bbm' 'C#' 'Ebm' 'F#' 'Fm' 'G#']
498,The Killers,Human,1,['A' 'Bm' 'C#m' 'D' 'E' 'F#m' 'Fdim']
499,James Morrison,Broken Strings,0,['Am' 'C' 'Dm' 'Em' 'F' 'G']
500,Beyoncé,If I Were A Boy,0,['Am' 'Am7' 'C' 'D' 'Em' 'G']
501,Zac Brown Band,Toes,2,['A' 'D' 'E']
502,Ingrid Michaelson,You And I,0,['Am' 'C' 'D' 'E' 'E7' 'F' 'G']
503,Ne-Yo,So Sick,0,['A' 'B' 'C#m' 'E']
504,Taylor Swift,Breathe,0,['C' 'Cadd9' 'D' 'D5' 'Dsus4' 'Em' 'Em7' 'G']
505,Taylor Swift,White Horse,0,['Am' 'Bb' 'C' 'F' 'G' 'Gsus4']
506,Taylor Swift,Love Story,0,['A' 'B' 'Bm' 'C#m' 'D' 'E' 'G']
507,Adele,Make You Feel My Love,3,['A7' 'B7' 'C' 'Cm' 'D' 'D7' 'F' 'G']
508,Coldplay,The Scientist,10,['C' 'D6' 'D7' 'Em7' 'G' 'Gmaj7']
509,Taylor Swift,You Belong With Me,4,['A' 'D' 'Em' 'G']
510,Taylor Swift,Fifteen,0,['C' 'Cadd9' 'D' 'D/F#' 'Em7' 'G']
511,Taylor Swift,Forever And Always,3,['C' 'Cadd9' 'D' 'Em' 'Em7' 'G']
512,Old Crow Medicine Show,Wagon Wheel,2,['C' 'D' 'Em' 'G']
513,Taylor Swift,Hey Stephen,4,['A' 'D' 'Em' 'G']
514,Bon Jovi,Wanted Dead Or Alive,0,['C' 'D' 'F' 'G']
515,Beyoncé,Halo,0,['A' 'Bm' 'D' 'F#m']
516,Beyoncé,Halo,2,['Am' 'C' 'Em' 'G']
517,The Fray,You Found Me,0,['B' 'E' 'F#' 'G#m']
518,Judy Garland,Have Yourself A Merry Little Christmas,0,"['A7' 'Am' 'Am7' 'B7' 'Bm' 'Bm7' 'Cmaj7' 'D' 'D7' 'E7' 'E7sus' 'Em' 'Em7'
 'F#7' 'G' 'G7' 'Gmaj7']"
519,Lady Gaga,Paparazzi,1,['Bm' 'C' 'D' 'Em' 'G']
520,The Animals,House Of The Rising Sun,0,['Am' 'C' 'D' 'Dm' 'E' 'F']
521,Radiohead,High And Dry,0,['A' 'E' 'Esus4' 'F#7']
522,Chris Tomlin,Here I Am To Worship,0,['A' 'D' 'Em' 'G']
523,Michael Heart,We Will Not Go Down,0,['Am' 'C' 'Dm' 'Em' 'F' 'G']
524,A Day to Remember,If It Means A Lot To You,3,['G' 'Gsus2']
525,Maroon 5,This Love,3,['Am' 'Bdim7' 'C' 'Dm' 'E' 'E7' 'E7/G#' 'F' 'G7']
526,Miley Cyrus,The Climb,0,['A' 'B' 'C#m' 'E']
527,Miley Cyrus,The Climb,2,['A' 'Bm' 'D' 'G']
528,Kings of Leon,Use Somebody,0,['Am' 'C' 'D' 'F' 'F#']
529,Taylor Swift,Crazier,2,['A' 'Am' 'Bm' 'C' 'D' 'Em' 'G']
530,John Lennon,Imagine,0,['Am' 'C' 'Dm' 'E' 'E7' 'F' 'G']
531,Lifehouse,You And Me,0,"['A7sus4' 'Am' 'Bm' 'C' 'Cadd9' 'Cm' 'D' 'Dsus' 'Dsus4' 'Dsus4/F#' 'Em7'
 'G']"
532,Nirvana,Smells Like Teen Spirit,1,['A' 'C' 'E' 'G']
533,Rise Against,Hero Of War,0,['A' 'B' 'C#m' 'E' 'G#m']
534,Lady Gaga,Poker Face,3,['Bm' 'C' 'D/F#' 'Em' 'F' 'G']
535,Jimi Hendrix,All Along The Watchtower,0,['A#' 'Cm' 'G#']
536,Johnny Cash,Folsom Prison Blues,0,['A' 'B7' 'E' 'E7']
537,Etta James,At Last,0,"['A' 'A6' 'A7' 'A9' 'Bm' 'Bm6' 'Bm7' 'C' 'Cdim' 'D' 'D6' 'D7' 'Dm6' 'E7'
 'Em' 'Em7' 'F#m' 'Fdim' 'G7' 'Gdim' 'Gm']"
538,Paolo Nutini,Candy,0,['Am' 'C' 'D7' 'Em' 'G']
539,Miley Cyrus,Butterfly Fly Away,5,['Asus4' 'Cadd9' 'D5' 'Em7' 'G']
540,Van Morrison,Brown Eyed Girl,0,['C' 'D' 'D7' 'Em' 'G']
541,Taylor Swift,You Belong With Me,0,['Am' 'C' 'D' 'G']
542,Goo Goo Dolls,Iris,7,['Asus' 'Cadd9' 'D' 'Em' 'G']
543,Jesus Culture,Your Love Never Fails,3,['Am' 'C' 'D' 'Em' 'G']
544,Green Day,21 Guns,0,['A' 'Bb' 'Bb5' 'C' 'C5' 'D5' 'Dm' 'E5' 'F' 'F5']
545,Green Day,21 Guns,0,['A' 'Bb' 'C' 'Dm' 'F']
546,Linkin Park,New Divide,1,['A' 'C' 'D' 'Em' 'G']
547,Metallica,Nothing Else Matters,0,['A' 'Am' 'B7' 'C' 'D' 'Em' 'G']
548,The Black Eyed Peas,I Gotta Feeling,0,['C' 'Csus2' 'Em' 'Em7' 'G' 'Gsus4']
549,Bon Iver,Skinny Love,0,['Am' 'C' 'F' 'G']
550,Adele,Make You Feel My Love,3,['A7' 'A7sus4' 'Am7' 'B7' 'Baug' 'C' 'Cm' 'D/F#' 'D7' 'Em' 'F' 'G' 'G7']
551,Matisyahu,One Day,0,['Am' 'C' 'F' 'G']
552,Nirvana,The Man Who Sold The World,0,['A' 'A#' 'Bb' 'C' 'C#' 'D#' 'Dm' 'F' 'F#' 'G#']
553,Bryan Adams,Summer Of 69,0,['A' 'Bb' 'Bm' 'C' 'D' 'F' 'G']
554,The Beatles,Yesterday,0,['A7' 'A7add11' 'Bb' 'C' 'C7' 'Dm' 'Dm7' 'Em7' 'F' 'G7']
555,The Cranberries,Zombie,0,['C' 'D/F#' 'Em' 'G']
556,David Crowder*Band,How He Loves,0,['Am' 'C' 'F' 'G']
557,Owl City,Fireflies,3,['Am' 'C' 'F' 'G']
558,Owl City,Fireflies,3,['Am' 'C' 'D' 'Em' 'F' 'G']
559,Amy Winehouse,You Know Im No Good,0,['A7' 'Am' 'Dm' 'E7' 'F' 'Gm']
560,Arctic Monkeys,Cornerstone,0,['A' 'Bm' 'C#m' 'D' 'Dm' 'E' 'E6' 'F#m']
561,OutKast,Hey Ya,0,['C' 'D' 'Em' 'G']
562,Simon & Garfunkel,The Sound Of Silence,6,['Am' 'C' 'F' 'G']
563,Lady Antebellum,Need You Now,4,['Am' 'C' 'Em' 'F' 'G' 'Gsus']
564,Boys Like Girls,Two Is Better Than One,0,['Am' 'C' 'F' 'G']
565,Train,Hey Soul Sister,0,['A' 'B' 'C#m' 'E']
566,Miley Cyrus,When I Look At You,1,['A#' 'Am' 'C' 'Dm' 'F']
567,Green Day,Boulevard Of Broken Dreams,1,['A' 'B7' 'C' 'C#' 'D' 'D#' 'Em' 'G']
568,Foo Fighters,Everlong,0,['A' 'A5' 'B5' 'Bsus2' 'D' 'D5' 'Dmaj7' 'G5' 'Gsus2']
569,Mumford & Sons,Little Lion Man,5,['Am' 'C' 'F' 'Fmaj7' 'G']
570,Paramore,The Only Exception,4,['Am' 'C' 'Cmaj7' 'D' 'Dm' 'F' 'G']
571,Kansas,Dust In The Wind,0,['Am' 'C' 'D' 'Dm' 'G']
572,Kings of Leon,Use Somebody,0,['Am' 'C' 'Em' 'F']
573,Ronan Keating,When You Say Nothing At All,0,['A' 'A9' 'B' 'Cadd9' 'D' 'E' 'G']
574,OneRepublic,Secrets,0,['Bm' 'D' 'F#m/C#' 'G']
575,Train,Hey Soul Sister,4,['Am' 'C' 'F' 'G']
576,The Beatles,Yesterday,5,['Am' 'Bm7' 'C' 'D7' 'Dm6' 'E' 'E7' 'F' 'G' 'G7']
577,P!nk,Dear Mr President,0,['A' 'Am' 'Am7' 'C' 'D' 'Em' 'G']
578,John Mayer,Half Of My Heart,0,['Am7' 'Bb' 'C' 'Cm7' 'Dm' 'F' 'Gm']
579,Mariah Carey,All I Want For Christmas Is You,0,['Am7' 'B7' 'C' 'Cm' 'Cm/Eb' 'D' 'D7' 'E7' 'Em' 'G']
580,He Is We,I Wouldnt Mind,0,['Am' 'C' 'F' 'G']
581,Chris Tomlin,Our God,4,['Am' 'C' 'D' 'Em' 'G']
582,Justin Bieber,Baby,1,['Am' 'C' 'F' 'G']
583,Amanda Seyfried,Little House,2,['C' 'D' 'Em' 'G']
584,Edward Sharpe and the Magnetic Zeros,Home,0,['A' 'Bm' 'D' 'D/F#' 'Em' 'G']
585,Auburn,Perfect Two,0,['C' 'D' 'Em' 'G']
586,Mumford & Sons,The Cave,4,['Am' 'C' 'F' 'G']
587,Shontelle,Impossible,1,['C' 'D' 'Dsus4' 'Em' 'G']
588,Justin Bieber,That Should Be Me,2,['A' 'Bm' 'D' 'F' 'G']
589,Travie McCoy,Billionaire,0,['A' 'A/G#' 'D' 'E' 'F#' 'F#m']
590,OneRepublic,Secrets,2,['Am' 'C' 'F']
591,The Band Perry,If I Die Young,2,['A' 'Bm' 'D' 'G']
592,B.o.B,Airplanes,2,['Am' 'C' 'Em' 'G']
593,The Band Perry,If I Die Young,2,['A' 'D' 'G']
594,Bruno Mars,Count On Me,0,['Am' 'C' 'Dm' 'Em' 'F' 'G']
595,Green Day,Wake Me Up When September Ends,0,['Bm' 'C' 'Cm' 'D' 'D/F#' 'Dsus4' 'Em' 'G']
596,Angus & Julia Stone,Big Jet Plane,1,['Am' 'C' 'Em' 'F' 'G']
597,Bruno Mars,Count On Me,0,['Am' 'C' 'Dm' 'Em' 'F' 'G']
598,Taio Cruz,Dynamite,4,['Am' 'C' 'Em' 'F' 'G']
599,Christina Perri,Jar Of Hearts,1,['A' 'A/C#' 'Bm' 'D' 'D/F#' 'E/G#' 'Em' 'F#' 'G' 'Gm']
600,Hillsongs,Forever Reign,0,['Am' 'C' 'F' 'G']
601,J.R.A.,By Chance You And I,3,['Am' 'C' 'D' 'G']
602,Bruno Mars,Just The Way You Are,3,['Bm' 'D' 'G']
603,Katy Perry,Teenage Dream,3,['Cmaj7' 'D' 'Dmaj7' 'E' 'Em' 'F#m']
604,The Script,For The First Time,2,['C' 'D' 'Em' 'G']
605,Bruno Mars,Talking To The Moon,4,['Am' 'C' 'D' 'Dm' 'E7' 'F' 'G']
606,Eric Clapton,Layla,0,['A' 'B' 'Bb' 'C' 'C#m7' 'D' 'Dm' 'E' 'E7' 'F#m' 'G#7']
607,Avenged Sevenfold,So Far Away,0,['Am' 'Bm' 'C' 'D' 'D/F#' 'E' 'Em' 'G']
608,Bruno Mars,Just The Way You Are,5,['Am' 'C' 'F']
609,Taylor Swift,Mine,2,['Cadd9' 'D' 'Em7' 'G']
610,Taylor Swift,Mine,0,['C' 'D' 'Em' 'G']
611,Kari Jobe,Revelation Song,0,['Am' 'C' 'D' 'F' 'G']
612,Nick Jonas,Introducing Me,4,['A' 'Am' 'Bm' 'C' 'D' 'Em' 'G']
613,Cee Lo Green,Fuck You,0,['Am' 'Bdim7' 'C' 'C#dim7' 'D7' 'Dm' 'Em' 'F' 'G']
614,Katy Perry,The One That Got Away,0,['A' 'B' 'C#m' 'E' 'G#m']
615,AJ Rafael,We Could Happen,0,['A' 'Bm' 'Bm7' 'C' 'Cm' 'D' 'D7' 'Dm' 'Em' 'G' 'G7']
616,Natalie Imbruglia,Torn,5,['Am' 'C' 'Em' 'F' 'G']
617,Ed Sheeran,The A Team,2,['A7sus4' 'Am7' 'C' 'Cadd9' 'D/F#' 'Dadd4' 'Em' 'G' 'G/F#']
618,Zac Brown Band,Colder Weather,1,['A' 'D' 'Em' 'G']
619,Maroon 5,Sunday Morning,0,['C' 'Dm' 'G']
620,Bruno Mars,The Lazy Song,0,['B' 'C#m' 'E' 'Ebm' 'F#' 'G#m']
621,Katy Perry,Firework,1,['Am' 'C' 'D' 'Em' 'G']
622,Taylor Swift,Speak Now,0,['Am' 'C' 'D' 'Em' 'G']
623,Bruno Mars,Grenade,0,['A' 'A7' 'Am' 'Bb' 'C' 'Dm' 'F' 'Gm']
624,Taylor Swift,Back To December,0,['A' 'Bm' 'D' 'F#m' 'G']
625,Katy Perry,Firework,6,['A' 'Bm' 'D' 'Em' 'G']
626,Bruno Mars,Grenade,5,['Am' 'C' 'E' 'Em' 'F' 'Gmaj']
627,Taylor Swift,Mean,2,['A' 'Bm' 'C' 'D' 'G']
628,Taylor Swift,Mean,2,['A' 'Bm' 'D' 'G']
629,Taylor Swift,Last Kiss,3,['C' 'Cadd9' 'D' 'Em7' 'G']
630,Up Dharma Down,Tadhana,0,['Bmaj7' 'Bsus2' 'C#' 'D#m7' 'G#m']
631,Taylor Swift,Enchanted,1,['Bm/F#' 'Csus2' 'D/F#' 'Em7' 'G']
632,Taylor Swift,The Story Of Us,2,['A' 'Asus4' 'Bm' 'D' 'Dsus2' 'G']
633,Taylor Swift,Ours,0,['Am' 'C' 'F' 'G']
634,Taylor Swift,Ours,5,['Cadd9' 'D' 'D/F#' 'Em7' 'G']
635,Bruno Mars,The Lazy Song,4,['B' 'C#m' 'D#7' 'D#m' 'E' 'F#' 'G#m']
636,John Mayer,Free Fallin,3,['A' 'D/F#' 'G']
637,P!nk,Fuckin Perfect,0,['Cadd9' 'Dsus' 'Em7' 'G']
638,Christina Perri,Jar Of Hearts,3,['Am' 'C' 'D' 'Dm' 'E' 'F' 'Fm' 'G']
639,Rihanna,California King Bed,0,['Am' 'C' 'Csus2' 'D' 'D/F#' 'Em' 'G']
640,Ron Pope,A Drop In The Ocean,0,['Am' 'C' 'D' 'Em' 'G']
641,Ellie Goulding,Your Song,3,['A' 'Am' 'C' 'D' 'Em' 'G' 'G/F#']
642,Adele,Someone Like You,0,['A' 'A/C#' 'A/G#' 'Bm' 'D' 'E' 'E9' 'F#m' 'F#m/C#' 'Gbm']
643,Adele,Someone Like You,2,['Am' 'Bm' 'C' 'D' 'Em' 'G']
644,Maroon 5,Sunday Morning,0,['C' 'Dm7' 'G']
645,Jesus Culture,One Thing Remains,4,['Am7' 'C' 'Cadd9' 'D' 'Dsus' 'Em7' 'G']
646,Adele,Rolling In The Deep,0,['Ab' 'Bb' 'Bb5' 'C5' 'Cm' 'G' 'G5' 'Gm']
647,Bruno Mars,Marry You,3,['D' 'Em' 'G']
648,Mandy Moore,I See The Light,0,['Ab' 'Am' 'Bb' 'C' 'Cm' 'Dm' 'Eb' 'Em' 'F' 'Fm' 'G' 'Gm']
649,Adele,Set Fire To The Rain,0,['Am' 'Bb' 'C' 'Dm' 'F' 'G' 'Gm']
650,Adele,Rolling In The Deep,3,['Am' 'E' 'Em' 'F' 'G']
651,The Head and the Heart,Rivers And Roads,0,['Am' 'C' 'F']
652,Adele,One And Only,0,['Am' 'Bb' 'C' 'Cadd9' 'Dm' 'Dm7' 'Eb' 'F' 'Fsus4' 'Gm']
653,Adele,Turning Tables,1,['A' 'Bm7' 'D' 'D/F#' 'Em' 'Em7' 'Emadd9' 'G']
654,Adele,Rolling In The Deep,3,['Am' 'E7' 'Em' 'F' 'G']
655,Lady Gaga,Born This Way,2,['A' 'A5' 'Amaj7' 'Asus' 'Asus2' 'Bm' 'Bm7' 'D' 'D5' 'E' 'E5' 'Em']
656,Jessie J,Price Tag,5,['Am' 'C' 'Em' 'F']
657,Cee Lo Green,Forget You,0,['Am' 'C' 'D7' 'Dm' 'Em' 'F' 'G']
658,Jessie J,Price Tag,5,['Am' 'C' 'Em' 'F']
659,Foster the People,Pumped Up Kicks,0,['Ab' 'Bb' 'Eb' 'Fm']
660,Adele,Set Fire To The Rain,5,['Am' 'C' 'Dm' 'Em' 'F' 'G']
661,Selena Gomez,Who Says,2,['A' 'C' 'D' 'G']
662,Tracy Chapman,Fast Car,2,['C' 'Cmaj7' 'D' 'Em' 'G']
663,James Taylor,Fire And Rain,3,['A' 'A7' 'Asus2' 'Bm' 'D' 'E' 'Em' 'G']
664,Adele,Dont You Remember,1,"['A' 'A4' 'Asus4' 'B' 'Bb' 'Bm' 'Bsus4' 'C' 'D' 'D/F#' 'D4' 'Dm' 'Dmaj7'
 'E' 'Em' 'F#' 'F#m' 'F#madd6' 'G' 'G#m' 'G#m7' 'G#madd6']"
665,Of Monsters and Men,Little Talks,1,['Am' 'C' 'F' 'Fmaj7' 'G']
666,Billy Joel,Piano Man,0,['A' 'Am' 'B7' 'C' 'D' 'D7' 'E' 'F' 'F#m' 'G' 'G7']
667,Oasis,Wonderwall,2,['A7sus4' 'Cadd9' 'Dsus4' 'Dsus4/F#' 'Em7' 'G']
668,Birdy,Skinny Love,0,['A' 'C#m' 'E' 'F#m' 'G#m']
669,Ed Sheeran,The A Team,2,['Am7' 'C' 'Cadd9' 'D#' 'Dadd9' 'Em' 'F#m' 'G']
670,Lil Wayne,How To Love,4,['C' 'D' 'Em' 'G']
671,John Denver,Take Me Home Country Roads,0,['A' 'C' 'D' 'D7' 'E' 'E7' 'Em' 'F' 'F#m' 'G']
672,The Beatles,Hey Jude,3,['A' 'A7' 'Bm' 'C' 'D' 'D7' 'Em' 'G']
673,The Wanted,Glad You Came,3,['C' 'D' 'Em' 'G']
674,Birdy,Skinny Love,4,['Am' 'C' 'Dm' 'F']
675,Adele,Rolling In The Deep,3,['Am' 'E7' 'Em' 'F' 'G']
676,Jessie J,Price Tag,3,['Bm' 'D' 'F#m' 'G']
677,Misc Traditional,Happy Birthday,0,['A' 'A7' 'D' 'Dsus2' 'E']
678,Simple Plan,Summer Paradise,0,['A' 'Bm' 'D' 'F#7' 'G']
679,Demi Lovato,Skyscraper,0,['Am' 'C' 'D' 'Em' 'G']
680,Matt Redman,10000 Reasons Bless The Lord,0,['C' 'C2' 'D' 'D/F#' 'Dsus4' 'Em' 'G' 'Gsus4']
681,Alex Clare,Too Close,0,['Bm' 'D' 'Em' 'F#' 'G']
682,Ed Sheeran,The A Team,2,['Am' 'C' 'D' 'Em' 'G']
683,One Direction,What Makes You Beautiful,0,['A' 'B' 'D' 'E' 'G']
684,One Direction,What Makes You Beautiful,4,['Am' 'C' 'F' 'G']
685,Lana Del Rey,Video Games,2,['Bm' 'C' 'D' 'Eb' 'Em' 'F' 'G']
686,David Guetta,Titanium,4,['Am' 'C' 'Em' 'F' 'G']
687,Elvis Presley,Cant Help Falling In Love,2,['A' 'A7' 'Am' 'B7' 'Bm' 'C' 'C#7' 'D' 'Dm' 'Em' 'F' 'F#m' 'G']
688,Gotye,Somebody That I Used To Know,0,['Bb' 'C' 'Dm']
689,Otis Redding,Sittin On The Dock Of The Bay,0,['A' 'B7' 'C' 'D' 'E' 'F' 'G']
690,Eric Clapton,Tears In Heaven,2,['Am' 'Bb' 'Bm' 'C' 'D' 'D7' 'Dm' 'E' 'E7' 'Em' 'F' 'G' 'Gm']
691,The Beatles,Let It Be,0,['Am' 'C' 'Dm' 'Em' 'F' 'G']
692,Bob Dylan,Mr Tambourine Man,3,['A' 'D' 'Dsus2' 'G']
693,Coldplay,Paradise,0,['B' 'Bb' 'C' 'Dm' 'F' 'Gm']
694,Ed Sheeran,Lego House,4,['C' 'D' 'Em' 'G']
695,Ed Sheeran,Drunk,0,['C' 'D' 'D/F#' 'Em' 'G']
696,Ed Sheeran,Kiss Me,0,['A' 'Bm' 'D' 'G' 'Gm']
697,Gotye,Somebody That I Used To Know,5,['Am' 'F' 'G']
698,Lana Del Rey,Blue Jeans,0,['A' 'A#' 'D' 'D#' 'Em' 'Fm']
699,Lana Del Rey,Video Games,0,['A' 'C#m' 'D' 'Dm' 'E' 'F#m' 'G']
700,Bruno Mars,It Will Rain,2,['Am' 'C' 'Cmaj7' 'Dm' 'E7' 'Em' 'F' 'G' 'Gsus2']
701,Rihanna,We Found Love,6,['Am' 'C' 'F' 'G']
702,David Guetta,Titanium,3,['Am' 'Asus2' 'C' 'Em' 'F' 'G']
703,Bob Dylan,Knockin On Heavens Door,0,['Am' 'C' 'D' 'G']
704,Justin Bieber,Mistletoe,2,['Cadd9' 'Dsus4' 'Em7' 'G']
705,Christina Perri,A Thousand Years,1,['A' 'Bm' 'D' 'E' 'F#m']
706,John Denver,Take Me Home Country Roads,2,['C' 'D' 'D7' 'Em' 'F' 'G']
707,Christina Perri,A Thousand Years,3,['Am' 'Cadd9' 'D' 'Em' 'G']
708,Christina Perri,A Thousand Years,3,['A7sus4' 'Cadd9' 'D' 'D/F#' 'Dsus4' 'Em7' 'G' 'G/F#' 'G6']
709,Of Monsters and Men,Dirty Paws,3,['Am' 'B' 'C' 'Fmaj7' 'G']
710,One Direction,One Thing,2,['Am' 'C' 'G']
711,Ed Sheeran,The A Team,2,['Am' 'Am7' 'C' 'D' 'Em' 'G']
712,One Direction,One Thing,0,['A' 'Bm' 'D' 'G']
713,Bon Iver,I Cant Make You Love Me,0,['Am' 'C' 'Dm' 'F' 'G' 'Gsus']
714,Lana Del Rey,Born To Die,0,['A' 'B' 'C' 'C7' 'Cmaj7' 'D' 'E' 'Em' 'F#' 'G']
715,Taylor Swift,Safe And Sound,5,['A' 'Bm' 'D' 'Em' 'G']
716,Carly Rae Jepsen,Call Me Maybe,0,['C' 'D' 'Em' 'G']
717,Jason Mraz,I Wont Give Up,2,['A' 'A/C#' 'Asus4' 'Bm' 'Bm7' 'C' 'D' 'Dsus4' 'Em' 'G' 'Gmaj7']
718,Train,Drive By,0,['A' 'B' 'C#m' 'Cdim' 'E' 'F#m' 'F#m7' 'G#' 'G#7']
719,Jireh Lim,Buko,0,['A' 'B' 'Bm' 'C#m' 'D' 'D#m' 'Dm' 'E' 'F#' 'F#m']
720,Lana Del Rey,Summertime Sadness,4,['Am' 'Dm' 'F' 'G']
721,Family of the Year,Hero,5,['Am' 'C' 'Em' 'F' 'G']
722,Christina Perri,A Thousand Years,3,['Am' 'C' 'D' 'Em' 'G']
723,twenty one pilots,House Of Gold,0,['A7' 'Am' 'Bbm' 'C' 'Dm' 'F' 'G']
724,Passenger,Let Her Go,7,['Am' 'C' 'Em' 'F' 'G']
725,Fun.,We Are Young,5,['Am' 'C' 'Dm' 'Em' 'F' 'G']
726,Justin Bieber,Boyfriend,1,['Am' 'C' 'Dm' 'Em' 'G']
727,The Lumineers,Ho Hey,0,['Am' 'C' 'G' 'Gsus']
728,The Lumineers,Stubborn Love,5,['C' 'D' 'Em' 'G']
729,Ed Sheeran,Small Bump,3,['Am' 'C' 'Cadd9' 'D' 'D/F#' 'Em' 'G']
730,Ed Sheeran,Give Me Love,6,['Ab' 'Am' 'C' 'D' 'Em' 'G']
731,Maroon 5,Payphone,0,['C' 'Cadd9' 'D' 'Dsus4' 'Em' 'G']
732,Imagine Dragons,Demons,1,['A' 'Bm' 'D' 'G']
733,Maroon 5,Payphone,4,['A' 'B' 'Cadd9' 'D' 'Dsus4' 'E' 'Em7' 'G']
734,Emeli Sandé,Read All About It Part Iii,0,['A' 'Bm' 'D' 'G']
735,Maroon 5,Payphone,4,['C' 'D' 'Em' 'G']
736,Imagine Dragons,Demons,3,['Am' 'C' 'F' 'G']
737,Imagine Dragons,Its Time,0,['A' 'Bm' 'D' 'Em' 'G']
738,Ed Sheeran,Give Me Love,1,['B' 'B5' 'Bmaj7' 'C#m' 'E' 'F#' 'G#' 'G#m' 'G#m7']
739,The Lumineers,Stubborn Love,0,['Am' 'C' 'F' 'G']
740,Florida Georgia Line,Cruise,3,['C' 'D' 'Em7' 'G']
741,Justin Bieber,As Long As You Love Me,3,['Am' 'F' 'G']
742,Ed Sheeran,Give Me Love,1,['A' 'Am' 'C' 'Dm' 'Em' 'F']
743,Fun.,Some Nights,0,['Am' 'C' 'F' 'G']
744,Maroon 5,Daylight,0,['A' 'Bm' 'D' 'G']
745,Alt-J,Breezeblocks,5,['Am' 'C' 'E' 'Em' 'F']
746,Lynyrd Skynyrd,Simple Man,0,['Am' 'Am7' 'C' 'G']
747,Imagine Dragons,Radioactive,2,['Am' 'C' 'Cmaj7' 'D' 'G' 'G6']
748,Mumford & Sons,I Will Wait,1,['Am' 'C' 'Em' 'Em7' 'F' 'G' 'G2']
749,Taylor Swift,We Are Never Ever Getting Back Together,0,['Cadd9' 'D' 'D/F#' 'Em7' 'G']
750,PSY,Gangnam Style,2,['A' 'Am' 'E' 'F' 'G']
751,Kodaline,All I Want,1,['Am' 'C' 'Dm' 'F' 'G']
752,Swedish House Mafia,Dont You Worry Child,0,['A' 'Bm' 'D' 'G']
753,P!nk,Try,2,['A' 'Am' 'Bm' 'C' 'D' 'F' 'G']
754,P!nk,Just Give Me A Reason,0,['A' 'Bm' 'C' 'D' 'D/F#' 'Dsus' 'Em' 'G']
755,Rihanna,Diamonds,0,['A' 'Bm' 'G']
756,Taylor Swift,Red,4,['Am' 'C' 'F' 'G']
757,Adele,Skyfall,0,['Ab' 'Bb' 'Bm' 'Cm' 'Cm/D#' 'Cm7/D#' 'F' 'G' 'Gsus4']
758,Adele,Skyfall,3,['Am' 'Bb7b5' 'Bm7b5' 'D' 'Dm' 'E' 'Esus' 'F']
759,Taylor Swift,I Knew You Were Trouble,4,['A' 'Bm' 'D' 'G']
760,Bruno Mars,Locked Out Of Heaven,0,['A' 'Bb' 'C' 'Dm' 'F' 'Gm']
761,Taylor Swift,Everything Has Changed,4,['A' 'Bm' 'D' 'Dsus4' 'Em7' 'G']
762,Taylor Swift,22,0,['Cadd9' 'Dsus4' 'G']
763,Taylor Swift,All Too Well,0,['Am' 'C' 'F' 'G']
764,Louis Armstrong,La Vie En Rose,0,['A7' 'D' 'Em' 'Em7' 'F#m7' 'G']
765,One Direction,Little Things,7,['Am' 'C' 'Dm' 'Fmaj7' 'G']
766,One Direction,Little Things,0,['Am' 'C' 'D' 'Em' 'G']
767,Rihanna,Stay,0,['Am' 'C' 'Dm' 'Em' 'F' 'G']
768,Alicia Keys,Girl On Fire,0,['Bm' 'C' 'D' 'E' 'Em' 'G']
769,Oasis,Wonderwall,0,['A7sus4' 'Cadd9' 'Dadd4/F#' 'Dsus4' 'Em11' 'Em7' 'G' 'Gsus2']
770,Jireh Lim,Magkabilang Mundo,0,['Am' 'C9' 'Cm' 'Dsus4' 'Em7' 'G']
771,Passenger,Let Her Go,8,['Bm' 'C' 'D' 'Dsus4' 'Em' 'G']
772,Ed Sheeran,The A Team,2,['A' 'Am' 'B' 'C' 'Cadd9' 'D' 'E' 'Em' 'G']
773,Passenger,Let Her Go,7,['Am' 'C' 'Em' 'F' 'G']
774,Bruno Mars,When I Was Your Man,0,['Am' 'Bb' 'C' 'D7' 'Dm' 'Em' 'F' 'Fm' 'G' 'G7']
775,Tom Odell,Another Love,0,['Bm' 'C' 'Em' 'G']
776,James Arthur,Impossible,0,['C' 'D' 'Em' 'G']
777,Misc Christmas,Silent Night,0,['C' 'D' 'Em' 'G']
778,Kodaline,High Hopes,4,['Am' 'C' 'E7' 'F' 'G']
779,Darius Rucker,Wagon Wheel,2,['C' 'D' 'Em' 'G']
780,Justin Timberlake,Mirrors,1,['A' 'Bbdim' 'Bm' 'D' 'Em' 'F#m' 'G']
781,Hillsong United,Oceans Where Feet May Fail,0,['A' 'A/C#' 'Bm' 'D' 'Em' 'G']
782,Bastille,Pompeii,2,['C' 'D' 'Em' 'G']
783,Ed Sheeran,No Diggity Thrift Shop,2,['C' 'D' 'Em' 'G']
784,Paramore,Still Into You,5,['Am' 'C' 'F' 'G']
785,OneRepublic,Counting Stars,4,['Am' 'C' 'Dm' 'F' 'G']
786,Vance Joy,Riptide,1,['Am' 'C' 'Fmaj7' 'G']
787,The Neighbourhood,Sweater Weather,3,['Am' 'C' 'D' 'Em' 'G']
788,Daft Punk,Get Lucky,0,['Bm' 'D' 'E' 'F#m']
789,Milky Chance,Stolen Dance,0,['B' 'D#7' 'E' 'F#' 'G#m']
790,Arijit Singh,Tum Hi Ho,1,['Am' 'B7' 'Bm' 'C' 'D' 'Em' 'G']
791,John Legend,All Of Me,1,['Am' 'Amadd9' 'C' 'Cadd9' 'Cmaj7' 'D' 'Dadd9' 'Em' 'Emadd9' 'G']
792,Miley Cyrus,We Cant Stop,4,['Am' 'C' 'Em' 'F']
793,Avicii,Wake Me Up,0,['A' 'Bm' 'D' 'G']
794,Avicii,Wake Me Up,0,['A' 'Bm' 'D' 'G']
795,Hillsong Live,Christ Is Enough,4,['C' 'D' 'D/F#' 'Em' 'G']
796,Sam Smith,Lay Me Down,0,['A' 'Aadd9' 'B' 'B/D#' 'B7sus2' 'C#m' 'D' 'E' 'F#m']
797,Birdy,Wings,0,['Bm' 'C' 'D' 'Em' 'G']
798,Katy Perry,Roar,3,['Am' 'C' 'D' 'Em' 'Em7' 'G' 'Gsus2']
799,Panic! At the Disco,This Is Gospel,0,['A' 'A7/C#' 'Bm' 'D' 'D/F#' 'Em' 'F#m7' 'G']
800,Drake,Hold On Were Going Home,3,['Am' 'C' 'D' 'Em' 'G']
801,Ariana Grande,Almost Is Never Enough,0,['A' 'A#' 'Am' 'Bbaug' 'Bm' 'D' 'E' 'F#' 'G' 'Gm']
802,Miley Cyrus,Wrecking Ball,1,['A' 'Bm' 'D' 'F#m' 'G']
803,Miley Cyrus,Wrecking Ball,3,['A' 'Bm' 'D' 'Em' 'F#' 'F#m' 'F#sus4' 'G']
804,Lorde,Royals,0,['C' 'D' 'G']
805,Cage the Elephant,Cigarette Daydreams,0,['A' 'Bm' 'D' 'Dmaj7' 'Em' 'F#m' 'G']
806,Hozier,Take Me To Church,0,['A' 'Am' 'B' 'C' 'Cm' 'D' 'Em' 'F' 'F#' 'G']
807,Avicii,Hey Brother,3,['C' 'D' 'D/F#' 'Em' 'G' 'G6']
808,Demi Lovato,Let It Go,0,['A' 'Am' 'C' 'D' 'Em' 'G']
809,One Direction,Story Of My Life,1,['A' 'Bm' 'D' 'Em' 'G']
810,Milky Chance,Stolen Dance,4,['B7' 'C' 'D' 'Em' 'G']
811,A Great Big World,Say Something,0,['Asus4' 'Bm' 'D' 'F#m' 'G' 'Gsus2']
812,Ed Sheeran,I See Fire,1,['Am' 'C' 'Dm' 'Em' 'F' 'G']
813,Ed Sheeran,I See Fire,6,['Am7' 'Bm' 'C' 'D' 'Em' 'G']
814,John Legend,All Of Me,1,['Am' 'C' 'D' 'Em' 'G']
815,Christina Perri,Human,1,['Cadd9' 'Dsus4' 'Em7' 'G']
816,One Direction,You And I,1,['Am' 'C' 'D/F#' 'Em' 'F' 'G']
817,Hozier,Take Me To Church,0,['Am' 'B7' 'C' 'Cm' 'D' 'Em' 'F' 'F#' 'G']
818,A Great Big World,Say Something,2,['Am' 'C' 'Em' 'F' 'Gsus4']
819,Idina Menzel,Let It Go,1,"['A' 'Am' 'Asus4' 'Bb' 'Bm7' 'C' 'Cadd2' 'Cadd9' 'Cm' 'D' 'Dsus4/F#' 'Em'
 'Em7' 'G']"
820,Up Dharma Down,Tadhana,4,['A' 'Bm' 'Em' 'F#' 'G']
821,MAGIC!,Rude,6,['C' 'D' 'Em' 'G']
822,Idina Menzel,Let It Go,1,['A' 'Am' 'B' 'Bb' 'Bm' 'C' 'C#m' 'D' 'E' 'Em' 'G']
823,Misc Cartoons,Frozen - Do You Want To Build A Snowman,0,['Am' 'C' 'E7' 'F' 'G']
824,Clean Bandit,Rather Be,4,['Am' 'Bm' 'C' 'D' 'D/F#' 'Em' 'G']
825,5 Seconds Of Summer,Amnesia,2,['Am' 'C' 'F' 'G']
826,Sam Smith,Lay Me Down,0,['A' 'B' 'Bm' 'C#m' 'D' 'E' 'F#m' 'G#m']
827,Kari Jobe,Forever,1,['Am' 'C' 'D' 'Em' 'G']
828,Rixton,Me And My Broken Heart,3,['Am' 'C' 'Dm' 'G']
829,Sam Smith,Stay With Me,0,['Am' 'Am7' 'C' 'F' 'G' 'G#dim' 'Gsus']
830,Sam Smith,Stay With Me,0,['Am' 'C' 'F' 'G']
831,Sia,Chandelier,0,['Am' 'Em' 'F' 'G']
832,Ed Sheeran,Dont,0,['Cm' 'Dbsus2' 'Ebsus2' 'Fm']
833,Sia,Chandelier,1,['Am' 'C' 'Em' 'F' 'G']
834,George Ezra,Budapest,0,['C' 'D' 'G']
835,Coldplay,A Sky Full Of Stars,6,['Am' 'C' 'Em' 'F' 'G']
836,Ed Sheeran,One,2,['A' 'Bm' 'D' 'D/C#' 'Em' 'G']
837,Ed Sheeran,All Of The Stars,4,['Cadd9' 'D' 'Em' 'G']
838,Ed Sheeran,Thinking Out Loud,2,['Am' 'C' 'Dm' 'F' 'G']
839,Ed Sheeran,Thinking Out Loud,0,['A' 'A7' 'Bm' 'D' 'D/F#' 'Em' 'G']
840,Ed Sheeran,Thinking Out Loud,2,['Am' 'Am7' 'C' 'Dm' 'F' 'G']
841,Sam Smith,Im Not The Only One,0,['A' 'Bb' 'C' 'Dm' 'F']
842,Colbie Caillat,Try,1,['Am' 'C' 'F' 'G']
843,Sam Smith,Latch,1,['A7sus4' 'Cadd9' 'Em7' 'G']
844,Ed Sheeran,Photograph,2,['A' 'Bm' 'D' 'G']
845,Maroon 5,Maps,0,['A' 'B' 'C#m' 'F#m' 'G#']
846,Meghan Trainor,All About That Bass,0,['A' 'Bm' 'D' 'E']
847,Ed Sheeran,Im A Mess,3,['Am' 'C' 'Dm' 'F' 'G']
848,Ed Sheeran,Photograph,4,['Am' 'C' 'F' 'G']
849,Adam Levine,Lost Stars,0,['C' 'D' 'Dm' 'Em' 'Fmaj7' 'G']
850,Adam Levine,Lost Stars,0,['C' 'D' 'Dm' 'Em' 'F' 'Fmaj7' 'G' 'Gsus4']
851,Alex & Sierra,Little Do You Know,0,['Am' 'C' 'Dm' 'F' 'G' 'Gsus']
852,Sam Smith,Im Not The Only One,5,['Am' 'C' 'E' 'F7' 'G']
853,Taylor Swift,Shake It Off,0,['Am' 'C' 'G']
854,Hozier,Take Me To Church,0,['Am' 'B7' 'C' 'Cm' 'D' 'Em' 'G']
855,Yeng Constantino,Ikaw,0,['Am' 'Bb' 'C' 'C#' 'Cm' 'Dm' 'F' 'Fm' 'G#' 'Gm']
856,Maroon 5,Sugar,0,['Bbm7' 'Bm7' 'D' 'Db' 'Ebm7' 'Em11' 'F#' 'G']
857,Maroon 5,Sugar,1,['Am' 'C' 'D' 'Dm' 'F' 'G' 'Gm']
858,Housefires,Good Good Father,2,['Am7' 'C' 'D' 'Em' 'G' 'Gsus4']
859,WALK THE MOON,Shut Up And Dance,6,['C' 'D' 'Em' 'G']
860,Taylor Swift,Blank Space,3,['A' 'A7sus4' 'Bm' 'D' 'Em' 'G']
861,Taylor Swift,Blank Space,5,['Am' 'C' 'Dm' 'F' 'G']
862,Taylor Swift,Wildest Dreams,1,['Am' 'C' 'D' 'Em' 'G']
863,One Direction,Night Changes,1,['A' 'Bm' 'C' 'C#m' 'D' 'E' 'Em' 'F#m' 'G']
864,James Bay,Let It Go,6,['Am' 'C' 'D' 'Em' 'Em/C#' 'Em7' 'G']
865,Mark Ronson,Uptown Funk,5,['Am' 'C' 'D' 'Dm' 'F' 'G']
866,James Bay,Hold Back The River,0,['Bb' 'C' 'Dm7' 'F' 'Gm']
867,Labrinth,Jealous,1,"['Ab' 'Abmaj7' 'Am' 'Bb' 'C' 'C7' 'Cdim7' 'Cm' 'Dm' 'Eb' 'Ebmaj7' 'F' 'F7'
 'Fm' 'G' 'G7']"
868,Ellie Goulding,Love Me Like You Do,0,['Am' 'Bm7' 'C' 'Cadd9' 'D' 'Dsus4' 'Em' 'Em7' 'G']
869,Rihanna,Four Five Seconds,0,['A' 'Asus4' 'Bm' 'D' 'Em' 'F#m' 'G']
870,Rihanna,Four Five Seconds,2,['Am' 'C' 'Dm' 'Em' 'F' 'G' 'Gsus4']
871,Ruth B,Lost Boy,0,['Am' 'C' 'D' 'Em' 'G']
872,Meghan Trainor,Like Im Gonna Lose You,0,['Am' 'C' 'Dm' 'Em' 'F' 'G']
873,Wiz Khalifa,See You Again,3,['C' 'D' 'Em' 'G']
874,Shawn Mendes,Stitches,1,['Am' 'C' 'F' 'G']
875,Shawn Mendes,Stitches,1,['Am' 'C' 'F' 'G']
876,Rachel Platten,Fight Song,0,['Cadd9' 'D' 'Em' 'Em7' 'G']
877,Wiz Khalifa,See You Again,3,['C' 'Cadd9' 'D' 'Em' 'Em7' 'G']
878,Shawn Mendes,Imagination,0,['Am' 'C' 'F' 'Fm' 'G']
879,Charlie Puth,Marvin Gaye,0,['A' 'B' 'C#m' 'E' 'F#' 'F#m' 'G#']
880,Jessie J,Flashlight,5,['Am' 'C' 'F' 'G']
881,twenty one pilots,Stressed Out,0,['Am' 'C' 'Dm' 'E' 'Em' 'F' 'G']
882,Chris Stapleton,Tennessee Whiskey,0,['A' 'Bm' 'D' 'E']
883,Lukas Graham,7 Years,3,['Bm' 'C' 'Cmaj7' 'D' 'Em' 'G']
884,Charlie Puth,One Call Away,1,['Am' 'Am7' 'C' 'Dm' 'E7' 'F' 'G']
885,Justin Bieber,What Do You Mean,1,['Cadd9' 'D' 'Em' 'G']
886,Drake,Hotline Bling,6,['Am' 'C' 'Em']
887,Gnash,I Hate U I Love U,0,['C#m' 'D' 'E' 'F#m']
888,Demi Lovato,Stone Cold,1,['Am' 'Am7b5' 'C' 'Cm' 'D' 'Em' 'G' 'G7']
889,Justin Bieber,Sorry,3,['Am' 'Dm' 'F' 'G']
890,Adele,Hello,1,['Bm' 'C' 'D' 'Em' 'G']
891,Adele,Hello,1,['Bm' 'C' 'D' 'Em' 'G']
892,One Direction,History,1,['A7' 'Bb' 'C' 'C7' 'Cm7' 'Dm' 'F' 'Gm']
893,Little Mix,Secret Love Song,0,['A' 'A/G#' 'D' 'E' 'E5' 'F#m']
894,Justin Bieber,Love Yourself,4,['Am' 'C' 'Dm' 'F' 'G']
895,Adele,When We Were Young,3,['Am' 'C' 'Dm' 'Em' 'F' 'Fm' 'G' 'G/Ab']
896,Adele,All I Ask,4,"['A#7' 'A#m7' 'A7' 'A7/C#' 'Am' 'C' 'C#' 'C/A#' 'D#m' 'Dm' 'Dm7' 'E'
 'E/G#' 'Em' 'F' 'F#/G#' 'G' 'G#7' 'G#7sus4' 'G7']"
897,Adele,All I Ask,0,"['A' 'B' 'B/D#' 'B7' 'C#7' 'C#m' 'C7' 'C7sus4' 'D/F#' 'D7' 'Dm7' 'E'
 'E/G#' 'F' 'F#m' 'F#m7' 'G#' 'G#/D#' 'G#m' 'Gm']"
898,Coldplay,Hymn For The Weekend,3,['Am' 'Dm' 'F' 'G']
899,Alan Walker,Faded,6,['Am' 'C' 'F' 'G']
900,Sia,Cheap Thrills,2,['C' 'D' 'Em' 'G']
901,Charlie Puth,We Dont Talk Anymore,4,['Am' 'Em' 'F' 'G']
902,The Chainsmokers,Dont Let Me Down,2,['A' 'D' 'E' 'F#m']
903,Calum Scott,Dancing On My Own,1,['Am' 'C' 'F' 'G']
904,Shawn Mendes,Treat You Better,1,['Am' 'C' 'F' 'G']
905,Virgoun,Surat Cinta Untuk Starla,0,['A' 'Am' 'Bm' 'C' 'D' 'E' 'Em' 'F#' 'F#m' 'G' 'G7']
906,twenty one pilots,Heathens,0,['A5' 'Am' 'B' 'B5' 'C' 'C5' 'E' 'E5' 'Em']
907,DJ Snake,Let Me Love You,3,['Am' 'C' 'Dm' 'Em' 'F' 'G']
908,Coldplay,Fix You,3,['Am7' 'C' 'Em' 'F' 'G']
909,The Chainsmokers,Closer,0,['Cadd9' 'D' 'Em7']
910,The Chainsmokers,Closer,1,['C' 'D' 'Em']
911,Shawn Mendes,Mercy,0,['A' 'Bm' 'Bm7' 'D' 'Em' 'G']
912,James Arthur,Say You Wont Let Go,3,['C' 'Dsus4' 'Em' 'G']
913,James Arthur,Say You Wont Let Go,3,['C' 'D' 'Em' 'G']
914,Niall Horan,This Town,2,['Am7' 'C' 'Cmaj7' 'D' 'D/F#' 'Em' 'G']
915,Lady Gaga,Million Reasons,0,['Am' 'C' 'F' 'Fsus2' 'G']
916,Bruno Mars,Versace On The Floor,2,"['A' 'A#m' 'Am' 'Bb6' 'C' 'C#' 'D' 'D#m' 'Dm' 'Em' 'F' 'F#' 'Fm' 'G' 'G#'
 'G#m' 'Gm7']"
917,Bruno Mars,Versace On The Floor,0,"['A' 'A6' 'Aadd9' 'Ab' 'Am' 'Am7' 'Asus4' 'B' 'Bb' 'Bm' 'Bm7' 'Cm' 'D'
 'Db' 'E' 'Eb' 'Em' 'Em7' 'F#m' 'F#m7' 'Fm' 'G' 'Gm' 'Gmaj7']"
918,Alessia Cara,How Far Ill Go,4,['A#m' 'Am' 'C' 'C#' 'C#maj7' 'Cmaj7' 'Dm7' 'F' 'F#' 'F#m' 'Fm' 'G' 'G#']
919,Ed Sheeran,Shape Of You,0,['A' 'B' 'C#m' 'F#m']
920,Ed Sheeran,Castle On The Hill,0,['A' 'A7sus4' 'Bm' 'D' 'D/F#' 'G']
921,Ed Sheeran,Shape Of You,2,['A' 'Bm' 'Em' 'G']
922,Luis Fonsi,Despacito,0,['A' 'Bm' 'D' 'G']
923,Julia Michaels,Issues,1,['C' 'D' 'Em' 'G']
924,Imagine Dragons,Believer,1,['Am' 'E' 'E/G#' 'F' 'G']
925,The Chainsmokers,Something Just Like This,0,['A' 'Bm' 'Bsus4' 'D' 'D/F#' 'Dmaj7' 'G']
926,Ed Sheeran,Happier,0,['Am7' 'C' 'F']
927,Ed Sheeran,Perfect,1,['C' 'D' 'D/F#' 'Dadd4' 'Em' 'G']
928,Ed Sheeran,Galway Girl,2,['Am7' 'C' 'Cadd9' 'D' 'Em' 'G']
929,Ed Sheeran,Supermarket Flowers,6,['Am' 'C' 'Dm' 'Dm7' 'Em' 'F' 'Fadd9' 'G']
930,Ed Sheeran,Dive,4,['Am' 'C' 'Em' 'F' 'G']
931,Harry Styles,Sign Of The Times,0,['Am' 'Bb' 'C' 'C7' 'Dm' 'F' 'G' 'G7']
932,Shawn Mendes,Theres Nothing Holdin Me Back,0,['A' 'Bm' 'D' 'G']
933,Charlie Puth,Attention,1,['A#' 'Am' 'C' 'Dm']
934,Luis Fonsi,Despacito,7,['C' 'D' 'Em' 'G']
935,Camila Cabello,Havana,3,['B7' 'C' 'Em']
936,Sam Smith,Too Good At Goodbyes,5,['Am' 'C' 'Dm' 'G']
